Suite/Test/Step Name,Browser,Description,Tag,Start time,End time,Duration,Status
homepage,,,,2023-12-21 01:31:04,2023-12-21 01:35:57,4m - 53.474s,FAILED
,,,,,,,
Test Cases/homepage/button berlanggan,,,,2023-12-21 01:31:04,2023-12-21 01:31:33,28.720s,PASSED
"startApplication(""C:\Users\User-PC\Downloads\app-release (4).apk"", true)",,,,2023-12-21 01:31:05,2023-12-21 01:31:29,24.159s,PASSED
"tap(findTestObject(""Object Repository/homepage/button berlangganan/android.widget.ScrollView""), 0)",,,,2023-12-21 01:31:29,2023-12-21 01:31:30,1.644s,PASSED
"tap(findTestObject(""Object Repository/homepage/button berlangganan/android.widget.ImageView""), 0)",,,,2023-12-21 01:31:30,2023-12-21 01:31:32,1.537s,PASSED
closeApplication(),,,,2023-12-21 01:31:32,2023-12-21 01:31:33,1.007s,PASSED
,,,,,,,
Test Cases/homepage/button category,,,,2023-12-21 01:31:33,2023-12-21 01:31:58,24.580s,PASSED
"startApplication(""C:\Users\User-PC\Downloads\app-release (4).apk"", true)",,,,2023-12-21 01:31:33,2023-12-21 01:31:53,19.684s,PASSED
"tap(findTestObject(""Object Repository/homepage/button category/android.widget.ImageView""), 0)",,,,2023-12-21 01:31:53,2023-12-21 01:31:56,3.277s,PASSED
closeApplication(),,,,2023-12-21 01:31:56,2023-12-21 01:31:58,1.284s,PASSED
,,,,,,,
Test Cases/homepage/button kelas,,,,2023-12-21 01:31:58,2023-12-21 01:32:22,24.011s,PASSED
"startApplication(""C:\Users\User-PC\Downloads\app-release (4).apk"", true)",,,,2023-12-21 01:31:58,2023-12-21 01:32:18,19.830s,PASSED
"tap(findTestObject(""Object Repository/homepage/button kelas/android.view.View""), 0)",,,,2023-12-21 01:32:18,2023-12-21 01:32:20,2.302s,PASSED
"tap(findTestObject(""Object Repository/homepage/button kelas/android.widget.ImageView""), 0)",,,,2023-12-21 01:32:20,2023-12-21 01:32:20,0.469s,PASSED
closeApplication(),,,,2023-12-21 01:32:20,2023-12-21 01:32:22,1.095s,PASSED
,,,,,,,
Test Cases/homepage/button notifikasi,,,,2023-12-21 01:32:22,2023-12-21 01:32:45,23.382s,PASSED
"startApplication(""C:\Users\User-PC\Downloads\app-release (4).apk"", true)",,,,2023-12-21 01:32:22,2023-12-21 01:32:41,19.521s,PASSED
"tap(findTestObject(""Object Repository/homepage/button notifikasi/android.widget.ImageView""), 0)",,,,2023-12-21 01:32:41,2023-12-21 01:32:44,2.314s,PASSED
closeApplication(),,,,2023-12-21 01:32:44,2023-12-21 01:32:45,1.164s,PASSED
,,,,,,,
Test Cases/homepage/button profile,,,,2023-12-21 01:32:45,2023-12-21 01:33:09,24.085s,PASSED
"startApplication(""C:\Users\User-PC\Downloads\app-release (4).apk"", true)",,,,2023-12-21 01:32:45,2023-12-21 01:33:05,20.217s,PASSED
"tap(findTestObject(""Object Repository/homepage/button profile/android.widget.ImageView""), 0)",,,,2023-12-21 01:33:05,2023-12-21 01:33:08,2.488s,PASSED
closeApplication(),,,,2023-12-21 01:33:08,2023-12-21 01:33:09,1.078s,PASSED
,,,,,,,
Test Cases/homepage/button search,,,,2023-12-21 01:33:09,2023-12-21 01:33:33,23.522s,FAILED
"startApplication(""C:\Users\User-PC\Downloads\app-release (4).apk"", true)",,,,2023-12-21 01:33:09,2023-12-21 01:33:28,18.898s,PASSED
"tap(findTestObject(""Object Repository/homepage/button search/android.widget.EditText""), 0)",,,,2023-12-21 01:33:28,2023-12-21 01:33:31,3.019s,PASSED
"tap(findTestObject(""Object Repository/homepage/button search/android.widget.EditText (1)""), 0)",,,,2023-12-21 01:33:31,2023-12-21 01:33:32,0.769s,PASSED
"setText(findTestObject(""""), ""mobile"", 0)",,,,2023-12-21 01:33:32,2023-12-21 01:33:33,0.402s,FAILED
,,,,,,,
Test Cases/homepage/failed button berrlangganan,,,,2023-12-21 01:33:33,2023-12-21 01:33:52,19.170s,PASSED
"startApplication(""C:\Users\User-PC\Downloads\app-release (4).apk"", true)",,,,2023-12-21 01:33:33,2023-12-21 01:33:48,15.298s,PASSED
"tap(findTestObject(""Object Repository/homepage/failed button berlangganan/android.widget.ImageView""), 0)",,,,2023-12-21 01:33:48,2023-12-21 01:33:51,2.370s,PASSED
closeApplication(),,,,2023-12-21 01:33:51,2023-12-21 01:33:52,1.055s,PASSED
,,,,,,,
Test Cases/homepage/failed button category,,,,2023-12-21 01:33:52,2023-12-21 01:34:16,24.538s,PASSED
"startApplication(""C:\Users\User-PC\Downloads\app-release (4).apk"", true)",,,,2023-12-21 01:33:53,2023-12-21 01:34:13,19.979s,PASSED
"tap(findTestObject(""Object Repository/homepage/failed button category/android.widget.ImageView""), 0)",,,,2023-12-21 01:34:13,2023-12-21 01:34:15,2.475s,PASSED
closeApplication(),,,,2023-12-21 01:34:15,2023-12-21 01:34:16,1.280s,PASSED
,,,,,,,
Test Cases/homepage/failed button kelas,,,,2023-12-21 01:34:16,2023-12-21 01:34:41,24.474s,PASSED
"startApplication(""C:\Users\User-PC\Downloads\app-release (4).apk"", true)",,,,2023-12-21 01:34:17,2023-12-21 01:34:37,20.481s,PASSED
"tap(findTestObject(""Object Repository/homepage/failed button kelas/android.widget.ImageView""), 0)",,,,2023-12-21 01:34:37,2023-12-21 01:34:40,2.380s,PASSED
closeApplication(),,,,2023-12-21 01:34:40,2023-12-21 01:34:41,1.150s,PASSED
,,,,,,,
Test Cases/homepage/failed button kelass,,,,2023-12-21 01:34:41,2023-12-21 01:35:05,24.603s,PASSED
"startApplication(""C:\Users\User-PC\Downloads\app-release (4).apk"", true)",,,,2023-12-21 01:34:41,2023-12-21 01:35:01,19.822s,PASSED
"tap(findTestObject(""Object Repository/homepage/failed button kelass/android.widget.ImageView""), 0)",,,,2023-12-21 01:35:01,2023-12-21 01:35:03,2.334s,PASSED
"tap(findTestObject(""Object Repository/homepage/failed button kelass/android.widget.Button""), 0)",,,,2023-12-21 01:35:03,2023-12-21 01:35:04,1.015s,PASSED
closeApplication(),,,,2023-12-21 01:35:04,2023-12-21 01:35:05,1.067s,PASSED
,,,,,,,
Test Cases/homepage/failed button notifikasi,,,,2023-12-21 01:35:05,2023-12-21 01:35:32,26.886s,PASSED
"startApplication(""C:\Users\User-PC\Downloads\app-release (4).apk"", true)",,,,2023-12-21 01:35:06,2023-12-21 01:35:29,23.085s,PASSED
"tap(findTestObject(""Object Repository/android.widget.ImageView""), 0)",,,,2023-12-21 01:35:29,2023-12-21 01:35:31,2.424s,PASSED
closeApplication(),,,,2023-12-21 01:35:31,2023-12-21 01:35:32,1.059s,PASSED
,,,,,,,
Test Cases/homepage/failed button search,,,,2023-12-21 01:35:32,2023-12-21 01:35:57,24.914s,PASSED
"startApplication(""C:\Users\User-PC\Downloads\app-release (4).apk"", true)",,,,2023-12-21 01:35:33,2023-12-21 01:35:52,19.670s,PASSED
"tap(findTestObject(""Object Repository/homepage/failed button search/android.widget.EditText""), 0)",,,,2023-12-21 01:35:52,2023-12-21 01:35:55,2.391s,PASSED
"tap(findTestObject(""Object Repository/homepage/failed button search/android.view.View""), 0)",,,,2023-12-21 01:35:55,2023-12-21 01:35:56,0.917s,PASSED
"tap(findTestObject(""Object Repository/homepage/failed button search/android.widget.ImageView""), 0)",,,,2023-12-21 01:35:56,2023-12-21 01:35:56,0.666s,PASSED
closeApplication(),,,,2023-12-21 01:35:56,2023-12-21 01:35:57,0.929s,PASSED
