Suite/Test/Step Name,Browser,Description,Tag,Start time,End time,Duration,Status
harsa mobile,,,,2023-12-20 15:06:22,2023-12-20 15:13:03,6m - 40.514s,PASSED
,,,,,,,
Test Cases/TC1 Succesful register,,,,2023-12-20 15:06:22,2023-12-20 15:06:52,29.196s,PASSED
"startApplication(""C:\Users\User-PC\Downloads\app-release (2).apk"", true)",,,,2023-12-20 15:06:23,2023-12-20 15:06:40,17.491s,PASSED
"tap(findTestObject(""Object Repository/TC1 Successful Register/android.widget.ImageView""), 0)",,,,2023-12-20 15:06:40,2023-12-20 15:06:43,2.292s,PASSED
"tap(findTestObject(""Object Repository/TC1 Successful Register/android.widget.Button""), 0)",,,,2023-12-20 15:06:43,2023-12-20 15:06:43,0.822s,PASSED
"tap(findTestObject(""Object Repository/TC1 Successful Register/android.widget.Button (1)""), 0)",,,,2023-12-20 15:06:43,2023-12-20 15:06:44,0.732s,PASSED
"tap(findTestObject(""Object Repository/TC1 Successful Register/android.widget.EditText""), 0)",,,,2023-12-20 15:06:44,2023-12-20 15:06:45,0.736s,PASSED
"setText(findTestObject(""Object Repository/TC1 Successful Register/android.widget.EditText (1)""), ""immanuel"", 0)",,,,2023-12-20 15:06:45,2023-12-20 15:06:46,0.712s,PASSED
"tap(findTestObject(""Object Repository/TC1 Successful Register/android.widget.EditText (2)""), 0)",,,,2023-12-20 15:06:46,2023-12-20 15:06:46,0.706s,PASSED
"setText(findTestObject(""Object Repository/TC1 Successful Register/android.widget.EditText (3)""), ""immanuel@gmail.com"", 0)",,,,2023-12-20 15:06:46,2023-12-20 15:06:47,0.765s,PASSED
"tap(findTestObject(""Object Repository/TC1 Successful Register/android.widget.EditText (4)""), 0)",,,,2023-12-20 15:06:47,2023-12-20 15:06:48,0.684s,PASSED
"setText(findTestObject(""Object Repository/TC1 Successful Register/android.widget.EditText (5)""), ""@Immanuel1"", 0)",,,,2023-12-20 15:06:48,2023-12-20 15:06:49,0.710s,PASSED
"tap(findTestObject(""Object Repository/TC1 Successful Register/android.widget.EditText (6)""), 0)",,,,2023-12-20 15:06:49,2023-12-20 15:06:49,0.690s,PASSED
"setText(findTestObject(""Object Repository/TC1 Successful Register/android.widget.EditText (7)""), ""@Immanuel1"", 0)",,,,2023-12-20 15:06:49,2023-12-20 15:06:50,0.747s,PASSED
"tap(findTestObject(""TC1 Successful Register/android.widget.Button (2)""), 0)",,,,2023-12-20 15:06:50,2023-12-20 15:06:51,0.689s,PASSED
closeApplication(),,,,2023-12-20 15:06:51,2023-12-20 15:06:52,1.033s,PASSED
,,,,,,,
Test Cases/TC2 Invalid email and password,,,,2023-12-20 15:06:52,2023-12-20 15:07:19,27.601s,PASSED
"startApplication(""C:\Users\User-PC\Downloads\app-release (2).apk"", true)",,,,2023-12-20 15:06:52,2023-12-20 15:07:07,14.503s,PASSED
"tap(findTestObject(""Object Repository/TC2 Failed invalid email and password/android.widget.ImageView""), 0)",,,,2023-12-20 15:07:07,2023-12-20 15:07:10,3.043s,PASSED
"tap(findTestObject(""Object Repository/TC2 Failed invalid email and password/android.widget.Button""), 0)",,,,2023-12-20 15:07:10,2023-12-20 15:07:10,0.855s,PASSED
"tap(findTestObject(""Object Repository/TC2 Failed invalid email and password/android.widget.Button (1)""), 0)",,,,2023-12-20 15:07:10,2023-12-20 15:07:11,0.749s,PASSED
"tap(findTestObject(""Object Repository/TC2 Failed invalid email and password/android.widget.EditText""), 0)",,,,2023-12-20 15:07:11,2023-12-20 15:07:12,0.732s,PASSED
"setText(findTestObject(""Object Repository/TC2 Failed invalid email and password/android.widget.EditText (1)""), ""RIA"", 0)",,,,2023-12-20 15:07:12,2023-12-20 15:07:13,0.731s,PASSED
"tap(findTestObject(""Object Repository/TC2 Failed invalid email and password/android.widget.EditText (2)""), 0)",,,,2023-12-20 15:07:13,2023-12-20 15:07:13,0.707s,PASSED
"setText(findTestObject(""Object Repository/TC2 Failed invalid email and password/android.widget.EditText (3)""), ""RIA.com"", 0)",,,,2023-12-20 15:07:13,2023-12-20 15:07:14,0.720s,PASSED
"tap(findTestObject(""Object Repository/TC2 Failed invalid email and password/android.widget.EditText (4)""), 0)",,,,2023-12-20 15:07:14,2023-12-20 15:07:15,0.692s,PASSED
"setText(findTestObject(""Object Repository/TC2 Failed invalid email and password/android.widget.EditText (5)""), ""@ria"", 0)",,,,2023-12-20 15:07:15,2023-12-20 15:07:16,0.720s,PASSED
"tap(findTestObject(""Object Repository/TC2 Failed invalid email and password/android.widget.EditText (6)""), 0)",,,,2023-12-20 15:07:16,2023-12-20 15:07:16,0.696s,PASSED
"setText(findTestObject(""Object Repository/TC2 Failed invalid email and password/android.widget.EditText (7)""), ""@ria"", 0)",,,,2023-12-20 15:07:16,2023-12-20 15:07:17,0.727s,PASSED
"tap(findTestObject(""Object Repository/TC2 Failed invalid email and password/android.widget.Button (2)""), 0)",,,,2023-12-20 15:07:17,2023-12-20 15:07:18,0.808s,PASSED
closeApplication(),,,,2023-12-20 15:07:18,2023-12-20 15:07:19,1.570s,PASSED
,,,,,,,
Test Cases/TC3 Invalid email Register,,,,2023-12-20 15:07:19,2023-12-20 15:07:47,28.055s,PASSED
"startApplication(""C:\Users\User-PC\Downloads\app-release (2).apk"", true)",,,,2023-12-20 15:07:20,2023-12-20 15:07:35,15.783s,PASSED
"tap(findTestObject(""Object Repository/TC invalid email register/android.widget.ImageView""), 0)",,,,2023-12-20 15:07:35,2023-12-20 15:07:38,2.967s,PASSED
"tap(findTestObject(""Object Repository/TC invalid email register/android.widget.Button""), 0)",,,,2023-12-20 15:07:38,2023-12-20 15:07:39,0.887s,PASSED
"tap(findTestObject(""Object Repository/TC invalid email register/android.widget.Button (1)""), 0)",,,,2023-12-20 15:07:39,2023-12-20 15:07:40,0.810s,PASSED
"tap(findTestObject(""Object Repository/TC invalid email register/android.widget.EditText""), 0)",,,,2023-12-20 15:07:40,2023-12-20 15:07:41,0.756s,PASSED
"setText(findTestObject(""Object Repository/TC invalid email register/android.widget.EditText (1)""), ""lasriaaa"", 0)",,,,2023-12-20 15:07:41,2023-12-20 15:07:42,0.712s,PASSED
"tap(findTestObject(""Object Repository/TC invalid email register/android.widget.EditText (2)""), 0)",,,,2023-12-20 15:07:42,2023-12-20 15:07:42,0.681s,PASSED
"setText(findTestObject(""Object Repository/TC invalid email register/android.widget.EditText (3)""), ""lasria"", 0)",,,,2023-12-20 15:07:42,2023-12-20 15:07:43,0.707s,PASSED
"tap(findTestObject(""Object Repository/TC invalid email register/android.widget.EditText (4)""), 0)",,,,2023-12-20 15:07:43,2023-12-20 15:07:44,0.702s,PASSED
"setText(findTestObject(""Object Repository/TC invalid email register/android.widget.EditText (5)""), ""@Lasria01"", 0)",,,,2023-12-20 15:07:44,2023-12-20 15:07:44,0.709s,PASSED
"tap(findTestObject(""Object Repository/TC invalid email register/android.widget.EditText (6)""), 0)",,,,2023-12-20 15:07:44,2023-12-20 15:07:45,0.685s,PASSED
"setText(findTestObject(""Object Repository/TC invalid email register/android.widget.EditText (7)""), ""@Lasria01"", 0)",,,,2023-12-20 15:07:45,2023-12-20 15:07:46,0.704s,PASSED
"tap(findTestObject(""Object Repository/TC invalid email register/android.widget.Button (2)""), 0)",,,,2023-12-20 15:07:46,2023-12-20 15:07:46,0.685s,PASSED
closeApplication(),,,,2023-12-20 15:07:46,2023-12-20 15:07:47,0.891s,PASSED
,,,,,,,
Test Cases/TC4 ivalid password register,,,,2023-12-20 15:07:47,2023-12-20 15:08:14,26.973s,PASSED
"startApplication(""C:\Users\User-PC\Downloads\app-release (2).apk"", true)",,,,2023-12-20 15:07:48,2023-12-20 15:08:03,14.771s,PASSED
"tap(findTestObject(""Object Repository/TC4 Invalid password/android.widget.ImageView""), 0)",,,,2023-12-20 15:08:03,2023-12-20 15:08:05,2.751s,PASSED
"tap(findTestObject(""Object Repository/TC4 Invalid password/android.widget.Button""), 0)",,,,2023-12-20 15:08:05,2023-12-20 15:08:06,0.822s,PASSED
"tap(findTestObject(""Object Repository/TC4 Invalid password/android.widget.Button (1)""), 0)",,,,2023-12-20 15:08:06,2023-12-20 15:08:07,0.776s,PASSED
"tap(findTestObject(""Object Repository/TC4 Invalid password/android.widget.EditText""), 0)",,,,2023-12-20 15:08:07,2023-12-20 15:08:08,0.890s,PASSED
"setText(findTestObject(""Object Repository/TC4 Invalid password/android.widget.EditText (1)""), ""LASRIA"", 0)",,,,2023-12-20 15:08:08,2023-12-20 15:08:08,0.718s,PASSED
"tap(findTestObject(""Object Repository/TC4 Invalid password/android.widget.EditText (2)""), 0)",,,,2023-12-20 15:08:08,2023-12-20 15:08:09,0.682s,PASSED
"setText(findTestObject(""Object Repository/TC4 Invalid password/android.widget.EditText (3)""), ""@Lasriargg08"", 0)",,,,2023-12-20 15:08:09,2023-12-20 15:08:10,0.710s,PASSED
"tap(findTestObject(""Object Repository/TC4 Invalid password/android.widget.EditText (4)""), 0)",,,,2023-12-20 15:08:10,2023-12-20 15:08:11,0.850s,PASSED
"setText(findTestObject(""Object Repository/TC4 Invalid password/android.widget.EditText (5)""), ""@"", 0)",,,,2023-12-20 15:08:11,2023-12-20 15:08:11,0.710s,PASSED
"tap(findTestObject(""Object Repository/TC4 Invalid password/android.widget.EditText (6)""), 0)",,,,2023-12-20 15:08:11,2023-12-20 15:08:12,0.665s,PASSED
"setText(findTestObject(""Object Repository/TC4 Invalid password/android.widget.EditText (7)""), ""@"", 0)",,,,2023-12-20 15:08:12,2023-12-20 15:08:13,0.710s,PASSED
"tap(findTestObject(""Object Repository/TC4 Invalid password/android.widget.Button (2)""), 0)",,,,2023-12-20 15:08:13,2023-12-20 15:08:13,0.691s,PASSED
closeApplication(),,,,2023-12-20 15:08:13,2023-12-20 15:08:14,0.855s,PASSED
,,,,,,,
Test Cases/TC5 not email register,,,,2023-12-20 15:08:14,2023-12-20 15:08:41,27.048s,PASSED
"startApplication(""C:\Users\User-PC\Downloads\app-release (2).apk"", true)",,,,2023-12-20 15:08:15,2023-12-20 15:08:30,15.406s,PASSED
"tap(findTestObject(""Object Repository/TC5 not email regis/android.widget.ImageView""), 0)",,,,2023-12-20 15:08:30,2023-12-20 15:08:33,2.885s,PASSED
"tap(findTestObject(""Object Repository/TC5 not email regis/android.widget.Button""), 0)",,,,2023-12-20 15:08:33,2023-12-20 15:08:34,0.820s,PASSED
"tap(findTestObject(""Object Repository/TC5 not email regis/android.widget.Button (1)""), 0)",,,,2023-12-20 15:08:34,2023-12-20 15:08:35,0.767s,PASSED
"tap(findTestObject(""Object Repository/TC5 not email regis/android.widget.EditText""), 0)",,,,2023-12-20 15:08:35,2023-12-20 15:08:35,0.754s,PASSED
"setText(findTestObject(""Object Repository/TC5 not email regis/android.widget.EditText (1)""), ""lassra"", 0)",,,,2023-12-20 15:08:35,2023-12-20 15:08:36,0.728s,PASSED
"tap(findTestObject(""Object Repository/TC5 not email regis/android.widget.EditText (2)""), 0)",,,,2023-12-20 15:08:36,2023-12-20 15:08:37,0.680s,PASSED
"tap(findTestObject(""Object Repository/TC5 not email regis/android.widget.EditText (3)""), 0)",,,,2023-12-20 15:08:37,2023-12-20 15:08:37,0.679s,PASSED
"setText(findTestObject(""Object Repository/TC5 not email regis/android.widget.EditText (4)""), ""@Lasria"", 0)",,,,2023-12-20 15:08:37,2023-12-20 15:08:38,0.710s,PASSED
"tap(findTestObject(""Object Repository/TC5 not email regis/android.widget.EditText (5)""), 0)",,,,2023-12-20 15:08:38,2023-12-20 15:08:39,0.677s,PASSED
"setText(findTestObject(""Object Repository/TC5 not email regis/android.widget.EditText (6)""), ""@Lasriargg"", 0)",,,,2023-12-20 15:08:39,2023-12-20 15:08:40,0.703s,PASSED
"tap(findTestObject(""Object Repository/TC5 not email regis/android.widget.Button (2)""), 0)",,,,2023-12-20 15:08:40,2023-12-20 15:08:40,0.703s,PASSED
closeApplication(),,,,2023-12-20 15:08:40,2023-12-20 15:08:41,1.188s,PASSED
,,,,,,,
Test Cases/TC6 not pw register,,,,2023-12-20 15:08:41,2023-12-20 15:09:09,27.515s,PASSED
"startApplication(""C:\Users\User-PC\Downloads\app-release (2).apk"", true)",,,,2023-12-20 15:08:42,2023-12-20 15:08:58,16.430s,PASSED
"tap(findTestObject(""Object Repository/TC6 not pw Register/android.widget.ImageView""), 0)",,,,2023-12-20 15:08:58,2023-12-20 15:09:01,2.452s,PASSED
"tap(findTestObject(""Object Repository/TC6 not pw Register/android.widget.Button""), 0)",,,,2023-12-20 15:09:01,2023-12-20 15:09:02,0.893s,PASSED
"tap(findTestObject(""Object Repository/TC6 not pw Register/android.widget.Button (1)""), 0)",,,,2023-12-20 15:09:02,2023-12-20 15:09:03,0.785s,PASSED
"tap(findTestObject(""Object Repository/TC6 not pw Register/android.widget.EditText""), 0)",,,,2023-12-20 15:09:03,2023-12-20 15:09:03,0.809s,PASSED
"setText(findTestObject(""Object Repository/TC6 not pw Register/android.widget.EditText (1)""), ""lasria"", 0)",,,,2023-12-20 15:09:03,2023-12-20 15:09:04,0.718s,PASSED
"tap(findTestObject(""Object Repository/TC6 not pw Register/android.widget.EditText (2)""), 0)",,,,2023-12-20 15:09:04,2023-12-20 15:09:05,0.699s,PASSED
"setText(findTestObject(""Object Repository/TC6 not pw Register/android.widget.EditText (3)""), ""lasria@gmail.com"", 0)",,,,2023-12-20 15:09:05,2023-12-20 15:09:05,0.723s,PASSED
"tap(findTestObject(""Object Repository/TC6 not pw Register/android.widget.EditText (4)""), 0)",,,,2023-12-20 15:09:05,2023-12-20 15:09:06,0.669s,PASSED
"tap(findTestObject(""Object Repository/TC6 not pw Register/android.widget.EditText (5)""), 0)",,,,2023-12-20 15:09:06,2023-12-20 15:09:07,0.667s,PASSED
"tap(findTestObject(""Object Repository/TC6 not pw Register/android.widget.EditText (6)""), 0)",,,,2023-12-20 15:09:07,2023-12-20 15:09:07,0.225s,PASSED
"tap(findTestObject(""Object Repository/TC6 not pw Register/android.widget.Button (2)""), 0)",,,,2023-12-20 15:09:07,2023-12-20 15:09:08,0.664s,PASSED
closeApplication(),,,,2023-12-20 15:09:08,2023-12-20 15:09:09,1.215s,PASSED
,,,,,,,
Test Cases/TC7 duplicate email regis,,,,2023-12-20 15:09:09,2023-12-20 15:09:40,30.798s,PASSED
"startApplication(""C:\Users\User-PC\Downloads\app-release (2).apk"", true)",,,,2023-12-20 15:09:09,2023-12-20 15:09:28,18.447s,PASSED
"tap(findTestObject(""Object Repository/TC7 duplicate email/android.widget.ImageView""), 0)",,,,2023-12-20 15:09:28,2023-12-20 15:09:30,2.372s,PASSED
"tap(findTestObject(""Object Repository/TC7 duplicate email/android.widget.Button""), 0)",,,,2023-12-20 15:09:30,2023-12-20 15:09:31,0.894s,PASSED
"tap(findTestObject(""Object Repository/TC7 duplicate email/android.widget.Button (1)""), 0)",,,,2023-12-20 15:09:31,2023-12-20 15:09:32,0.890s,PASSED
"tap(findTestObject(""Object Repository/TC7 duplicate email/android.widget.EditText""), 0)",,,,2023-12-20 15:09:32,2023-12-20 15:09:33,0.838s,PASSED
"setText(findTestObject(""Object Repository/TC7 duplicate email/android.widget.EditText (1)""), ""lasria"", 0)",,,,2023-12-20 15:09:33,2023-12-20 15:09:34,0.732s,PASSED
"tap(findTestObject(""Object Repository/TC7 duplicate email/android.widget.EditText (2)""), 0)",,,,2023-12-20 15:09:34,2023-12-20 15:09:34,0.746s,PASSED
"setText(findTestObject(""Object Repository/TC7 duplicate email/android.widget.EditText (3)""), ""lasria@gmail.com"", 0)",,,,2023-12-20 15:09:34,2023-12-20 15:09:35,0.735s,PASSED
"tap(findTestObject(""Object Repository/TC7 duplicate email/android.widget.EditText (4)""), 0)",,,,2023-12-20 15:09:35,2023-12-20 15:09:36,0.698s,PASSED
"setText(findTestObject(""Object Repository/TC7 duplicate email/android.widget.EditText (5)""), ""@Lasriargg01"", 0)",,,,2023-12-20 15:09:36,2023-12-20 15:09:36,0.730s,PASSED
"tap(findTestObject(""Object Repository/TC7 duplicate email/android.widget.EditText (6)""), 0)",,,,2023-12-20 15:09:36,2023-12-20 15:09:37,0.675s,PASSED
"setText(findTestObject(""Object Repository/TC7 duplicate email/android.widget.EditText (7)""), ""@Lasriargg01"", 0)",,,,2023-12-20 15:09:37,2023-12-20 15:09:38,0.707s,PASSED
"tap(findTestObject(""Object Repository/TC7 duplicate email/android.widget.Button (2)""), 0)",,,,2023-12-20 15:09:38,2023-12-20 15:09:39,0.678s,PASSED
closeApplication(),,,,2023-12-20 15:09:39,2023-12-20 15:09:40,1.173s,PASSED
,,,,,,,
Test Cases/TC8 success login,,,,2023-12-20 15:09:40,2023-12-20 15:10:17,37.433s,PASSED
"startApplication(""C:\Users\User-PC\Downloads\app-release (2).apk"", true)",,,,2023-12-20 15:09:40,2023-12-20 15:10:00,19.553s,PASSED
"tap(findTestObject(""Object Repository/TC8 Success Login/android.widget.ImageView""), 0)",,,,2023-12-20 15:10:00,2023-12-20 15:10:03,2.991s,PASSED
"tap(findTestObject(""Object Repository/TC8 Success Login/android.widget.Button""), 0)",,,,2023-12-20 15:10:03,2023-12-20 15:10:04,1.385s,PASSED
"tap(findTestObject(""Object Repository/TC8 Success Login/android.widget.EditText""), 0)",,,,2023-12-20 15:10:04,2023-12-20 15:10:06,1.898s,PASSED
"setText(findTestObject(""Object Repository/TC8 Success Login/android.widget.EditText (1)""), ""immanuel@gmail.com"", 0)",,,,2023-12-20 15:10:06,2023-12-20 15:10:07,1.125s,PASSED
"tap(findTestObject(""Object Repository/TC8 Success Login/android.widget.EditText (2)""), 0)",,,,2023-12-20 15:10:07,2023-12-20 15:10:08,1.229s,PASSED
"setText(findTestObject(""Object Repository/TC8 Success Login/android.widget.EditText (3)""), ""@Immanuel1"", 0)",,,,2023-12-20 15:10:08,2023-12-20 15:10:10,1.154s,PASSED
"tap(findTestObject(""Object Repository/TC8 Success Login/android.widget.Button (1)""), 0)",,,,2023-12-20 15:10:10,2023-12-20 15:10:11,1.059s,PASSED
closeApplication(),,,,2023-12-20 15:10:11,2023-12-20 15:10:17,6.471s,PASSED
,,,,,,,
Test Cases/TC9 invalid pw login,,,,2023-12-20 15:10:17,2023-12-20 15:10:51,33.918s,PASSED
"startApplication(""C:\Users\User-PC\Downloads\app-release (2).apk"", true)",,,,2023-12-20 15:10:18,2023-12-20 15:10:42,23.853s,PASSED
"tap(findTestObject(""Object Repository/TC9 invalid pw login/android.widget.ImageView""), 0)",,,,2023-12-20 15:10:42,2023-12-20 15:10:45,2.784s,PASSED
"tap(findTestObject(""Object Repository/TC9 invalid pw login/android.widget.Button""), 0)",,,,2023-12-20 15:10:45,2023-12-20 15:10:46,0.921s,PASSED
"tap(findTestObject(""Object Repository/TC9 invalid pw login/android.widget.EditText""), 0)",,,,2023-12-20 15:10:46,2023-12-20 15:10:47,0.829s,PASSED
"setText(findTestObject(""Object Repository/TC9 invalid pw login/android.widget.EditText (1)""), ""immanuel"", 0)",,,,2023-12-20 15:10:47,2023-12-20 15:10:48,0.767s,PASSED
"tap(findTestObject(""Object Repository/TC9 invalid pw login/android.widget.EditText (2)""), 0)",,,,2023-12-20 15:10:48,2023-12-20 15:10:48,0.718s,PASSED
"setText(findTestObject(""Object Repository/TC9 invalid pw login/android.widget.EditText (3)""), ""@immanuel1"", 0)",,,,2023-12-20 15:10:48,2023-12-20 15:10:49,0.738s,PASSED
"tap(findTestObject(""Object Repository/TC9 invalid pw login/android.widget.Button (1)""), 0)",,,,2023-12-20 15:10:49,2023-12-20 15:10:50,0.650s,PASSED
closeApplication(),,,,2023-12-20 15:10:50,2023-12-20 15:10:51,1.351s,PASSED
,,,,,,,
Test Cases/TC10 invalid email and password login,,,,2023-12-20 15:10:51,2023-12-20 15:11:22,30.476s,PASSED
"startApplication(""C:\Users\User-PC\Downloads\app-release (2).apk"", true)",,,,2023-12-20 15:10:52,2023-12-20 15:11:13,21.159s,PASSED
"tap(findTestObject(""Object Repository/TC10 invalid email and password login/android.widget.ImageView""), 0)",,,,2023-12-20 15:11:13,2023-12-20 15:11:15,2.266s,PASSED
"tap(findTestObject(""Object Repository/TC10 invalid email and password login/android.widget.Button""), 0)",,,,2023-12-20 15:11:15,2023-12-20 15:11:16,0.946s,PASSED
"tap(findTestObject(""Object Repository/TC10 invalid email and password login/android.widget.EditText""), 0)",,,,2023-12-20 15:11:16,2023-12-20 15:11:17,0.822s,PASSED
"setText(findTestObject(""Object Repository/TC10 invalid email and password login/android.widget.EditText (1)""), ""immmnuel"", 0)",,,,2023-12-20 15:11:17,2023-12-20 15:11:18,0.749s,PASSED
"tap(findTestObject(""Object Repository/TC10 invalid email and password login/android.widget.EditText (2)""), 0)",,,,2023-12-20 15:11:18,2023-12-20 15:11:18,0.747s,PASSED
"setText(findTestObject(""Object Repository/TC10 invalid email and password login/android.widget.EditText (3)""), ""@immanu"", 0)",,,,2023-12-20 15:11:18,2023-12-20 15:11:19,0.772s,PASSED
"tap(findTestObject(""Object Repository/TC10 invalid email and password login/android.widget.Button (1)""), 0)",,,,2023-12-20 15:11:19,2023-12-20 15:11:20,0.679s,PASSED
closeApplication(),,,,2023-12-20 15:11:20,2023-12-20 15:11:22,1.652s,PASSED
,,,,,,,
Test Cases/TC11 invalid email login,,,,2023-12-20 15:11:22,2023-12-20 15:11:53,31.451s,PASSED
"startApplication(""C:\Users\User-PC\Downloads\app-release (2).apk"", true)",,,,2023-12-20 15:11:22,2023-12-20 15:11:44,21.350s,PASSED
"tap(findTestObject(""Object Repository/TC11 invalid email login/android.widget.ImageView""), 0)",,,,2023-12-20 15:11:44,2023-12-20 15:11:47,3.360s,PASSED
"tap(findTestObject(""Object Repository/TC11 invalid email login/android.widget.Button""), 0)",,,,2023-12-20 15:11:47,2023-12-20 15:11:48,0.833s,PASSED
"tap(findTestObject(""Object Repository/TC11 invalid email login/android.widget.EditText""), 0)",,,,2023-12-20 15:11:48,2023-12-20 15:11:49,0.847s,PASSED
"setText(findTestObject(""Object Repository/TC11 invalid email login/android.widget.EditText (1)""), ""imma"", 0)",,,,2023-12-20 15:11:49,2023-12-20 15:11:49,0.722s,PASSED
"tap(findTestObject(""Object Repository/TC11 invalid email login/android.widget.EditText (2)""), 0)",,,,2023-12-20 15:11:49,2023-12-20 15:11:50,0.643s,PASSED
"setText(findTestObject(""Object Repository/TC11 invalid email login/android.widget.EditText (3)""), ""@Immanuel1"", 0)",,,,2023-12-20 15:11:50,2023-12-20 15:11:51,0.746s,PASSED
"tap(findTestObject(""Object Repository/TC11 invalid email login/android.widget.Button (1)""), 0)",,,,2023-12-20 15:11:51,2023-12-20 15:11:51,0.702s,PASSED
closeApplication(),,,,2023-12-20 15:11:51,2023-12-20 15:11:53,1.677s,PASSED
,,,,,,,
Test Cases/TC12 not email login,,,,2023-12-20 15:11:53,2023-12-20 15:12:23,30.402s,PASSED
"startApplication(""C:\Users\User-PC\Downloads\app-release (2).apk"", true)",,,,2023-12-20 15:11:53,2023-12-20 15:12:15,21.524s,PASSED
"tap(findTestObject(""Object Repository/TC12 not email login/android.widget.ImageView""), 0)",,,,2023-12-20 15:12:15,2023-12-20 15:12:17,2.233s,PASSED
"tap(findTestObject(""Object Repository/TC12 not email login/android.widget.Button""), 0)",,,,2023-12-20 15:12:17,2023-12-20 15:12:18,1.168s,PASSED
"tap(findTestObject(""Object Repository/TC12 not email login/android.widget.EditText""), 0)",,,,2023-12-20 15:12:18,2023-12-20 15:12:19,0.880s,PASSED
"tap(findTestObject(""Object Repository/TC12 not email login/android.widget.EditText (1)""), 0)",,,,2023-12-20 15:12:19,2023-12-20 15:12:20,0.732s,PASSED
"setText(findTestObject(""Object Repository/TC12 not email login/android.widget.EditText (2)""), ""@Immanuel1"", 0)",,,,2023-12-20 15:12:20,2023-12-20 15:12:21,0.860s,PASSED
"tap(findTestObject(""Object Repository/TC12 not email login/android.widget.Button (1)""), 0)",,,,2023-12-20 15:12:21,2023-12-20 15:12:22,0.736s,PASSED
closeApplication(),,,,2023-12-20 15:12:22,2023-12-20 15:12:23,1.824s,PASSED
,,,,,,,
Test Cases/TC13 not pw login,,,,2023-12-20 15:12:23,2023-12-20 15:13:03,39.237s,PASSED
"startApplication(""C:\Users\User-PC\Downloads\app-release (2).apk"", true)",,,,2023-12-20 15:12:24,2023-12-20 15:12:55,30.424s,PASSED
"tap(findTestObject(""Object Repository/TC13 not pw login/android.widget.ImageView""), 0)",,,,2023-12-20 15:12:55,2023-12-20 15:12:57,2.490s,PASSED
"tap(findTestObject(""Object Repository/TC13 not pw login/android.widget.Button""), 0)",,,,2023-12-20 15:12:57,2023-12-20 15:12:58,0.942s,PASSED
"tap(findTestObject(""Object Repository/TC13 not pw login/android.widget.EditText""), 0)",,,,2023-12-20 15:12:58,2023-12-20 15:12:59,0.821s,PASSED
"setText(findTestObject(""Object Repository/TC13 not pw login/android.widget.EditText (1)""), ""immanuel"", 0)",,,,2023-12-20 15:12:59,2023-12-20 15:13:00,1.539s,PASSED
"tap(findTestObject(""Object Repository/TC13 not pw login/android.widget.EditText (2)""), 0)",,,,2023-12-20 15:13:00,2023-12-20 15:13:01,0.710s,PASSED
"tap(findTestObject(""Object Repository/TC13 not pw login/android.widget.Button (1)""), 0)",,,,2023-12-20 15:13:01,2023-12-20 15:13:02,0.611s,PASSED
closeApplication(),,,,2023-12-20 15:13:02,2023-12-20 15:13:03,1.015s,PASSED
