Suite/Test/Step Name,Browser,Description,Tag,Start time,End time,Duration,Status
harsa mobile,,,,2023-12-19 16:26:23,2023-12-19 16:28:57,2m - 33.582s,PASSED
,,,,,,,
Test Cases/TC1 Succesful register,,,,2023-12-19 16:26:24,2023-12-19 16:26:54,30.955s,PASSED
"startApplication(""C:\Users\User-PC\Downloads\app-release (2).apk"", true)",,,,2023-12-19 16:26:24,2023-12-19 16:26:43,18.953s,PASSED
"tap(findTestObject(""Object Repository/TC1 Successful Register/android.widget.ImageView""), 0)",,,,2023-12-19 16:26:43,2023-12-19 16:26:45,1.769s,PASSED
"tap(findTestObject(""Object Repository/TC1 Successful Register/android.widget.Button""), 0)",,,,2023-12-19 16:26:45,2023-12-19 16:26:45,0.902s,PASSED
"tap(findTestObject(""Object Repository/TC1 Successful Register/android.widget.Button (1)""), 0)",,,,2023-12-19 16:26:45,2023-12-19 16:26:46,0.758s,PASSED
"tap(findTestObject(""Object Repository/TC1 Successful Register/android.widget.EditText""), 0)",,,,2023-12-19 16:26:46,2023-12-19 16:26:47,0.910s,PASSED
"setText(findTestObject(""Object Repository/TC1 Successful Register/android.widget.EditText (1)""), ""immanuel"", 0)",,,,2023-12-19 16:26:47,2023-12-19 16:26:48,0.898s,PASSED
"tap(findTestObject(""Object Repository/TC1 Successful Register/android.widget.EditText (2)""), 0)",,,,2023-12-19 16:26:48,2023-12-19 16:26:49,0.795s,PASSED
"setText(findTestObject(""Object Repository/TC1 Successful Register/android.widget.EditText (3)""), ""immanuel@gmail.com"", 0)",,,,2023-12-19 16:26:49,2023-12-19 16:26:50,0.760s,PASSED
"tap(findTestObject(""Object Repository/TC1 Successful Register/android.widget.EditText (4)""), 0)",,,,2023-12-19 16:26:50,2023-12-19 16:26:50,0.719s,PASSED
"setText(findTestObject(""Object Repository/TC1 Successful Register/android.widget.EditText (5)""), ""@Immanuel1"", 0)",,,,2023-12-19 16:26:50,2023-12-19 16:26:51,0.730s,PASSED
"tap(findTestObject(""Object Repository/TC1 Successful Register/android.widget.EditText (6)""), 0)",,,,2023-12-19 16:26:51,2023-12-19 16:26:52,0.688s,PASSED
"setText(findTestObject(""Object Repository/TC1 Successful Register/android.widget.EditText (7)""), ""@Immanuel1"", 0)",,,,2023-12-19 16:26:52,2023-12-19 16:26:52,0.767s,PASSED
"tap(findTestObject(""TC1 Successful Register/android.widget.Button (2)""), 0)",,,,2023-12-19 16:26:52,2023-12-19 16:26:53,0.722s,PASSED
closeApplication(),,,,2023-12-19 16:26:53,2023-12-19 16:26:54,1.251s,PASSED
,,,,,,,
Test Cases/TC2 Invalid email and password,,,,2023-12-19 16:26:54,2023-12-19 16:27:25,30.891s,PASSED
"startApplication(""C:\Users\User-PC\Downloads\app-release (2).apk"", true)",,,,2023-12-19 16:26:55,2023-12-19 16:27:13,17.954s,PASSED
"tap(findTestObject(""Object Repository/TC2 Failed invalid email and password/android.widget.ImageView""), 0)",,,,2023-12-19 16:27:13,2023-12-19 16:27:15,2.658s,PASSED
"tap(findTestObject(""Object Repository/TC2 Failed invalid email and password/android.widget.Button""), 0)",,,,2023-12-19 16:27:15,2023-12-19 16:27:16,0.886s,PASSED
"tap(findTestObject(""Object Repository/TC2 Failed invalid email and password/android.widget.Button (1)""), 0)",,,,2023-12-19 16:27:16,2023-12-19 16:27:17,0.730s,PASSED
"tap(findTestObject(""Object Repository/TC2 Failed invalid email and password/android.widget.EditText""), 0)",,,,2023-12-19 16:27:17,2023-12-19 16:27:18,0.898s,PASSED
"setText(findTestObject(""Object Repository/TC2 Failed invalid email and password/android.widget.EditText (1)""), ""RIA"", 0)",,,,2023-12-19 16:27:18,2023-12-19 16:27:19,0.853s,PASSED
"tap(findTestObject(""Object Repository/TC2 Failed invalid email and password/android.widget.EditText (2)""), 0)",,,,2023-12-19 16:27:19,2023-12-19 16:27:20,0.872s,PASSED
"setText(findTestObject(""Object Repository/TC2 Failed invalid email and password/android.widget.EditText (3)""), ""RIA.com"", 0)",,,,2023-12-19 16:27:20,2023-12-19 16:27:21,0.825s,PASSED
"tap(findTestObject(""Object Repository/TC2 Failed invalid email and password/android.widget.EditText (4)""), 0)",,,,2023-12-19 16:27:21,2023-12-19 16:27:21,0.772s,PASSED
"setText(findTestObject(""Object Repository/TC2 Failed invalid email and password/android.widget.EditText (5)""), ""@ria"", 0)",,,,2023-12-19 16:27:21,2023-12-19 16:27:22,0.786s,PASSED
"tap(findTestObject(""Object Repository/TC2 Failed invalid email and password/android.widget.EditText (6)""), 0)",,,,2023-12-19 16:27:22,2023-12-19 16:27:23,0.799s,PASSED
"setText(findTestObject(""Object Repository/TC2 Failed invalid email and password/android.widget.EditText (7)""), ""@ria"", 0)",,,,2023-12-19 16:27:23,2023-12-19 16:27:24,0.738s,PASSED
"tap(findTestObject(""Object Repository/TC2 Failed invalid email and password/android.widget.Button (2)""), 0)",,,,2023-12-19 16:27:24,2023-12-19 16:27:24,0.708s,PASSED
closeApplication(),,,,2023-12-19 16:27:24,2023-12-19 16:27:25,1.052s,PASSED
,,,,,,,
Test Cases/TC3 Invalid email Register,,,,2023-12-19 16:27:25,2023-12-19 16:27:57,31.250s,PASSED
"startApplication(""C:\Users\User-PC\Downloads\app-release (2).apk"", true)",,,,2023-12-19 16:27:26,2023-12-19 16:27:44,18.129s,PASSED
"tap(findTestObject(""Object Repository/TC invalid email register/android.widget.ImageView""), 0)",,,,2023-12-19 16:27:44,2023-12-19 16:27:47,2.674s,PASSED
"tap(findTestObject(""Object Repository/TC invalid email register/android.widget.Button""), 0)",,,,2023-12-19 16:27:47,2023-12-19 16:27:47,0.915s,PASSED
"tap(findTestObject(""Object Repository/TC invalid email register/android.widget.Button (1)""), 0)",,,,2023-12-19 16:27:47,2023-12-19 16:27:48,0.855s,PASSED
"tap(findTestObject(""Object Repository/TC invalid email register/android.widget.EditText""), 0)",,,,2023-12-19 16:27:48,2023-12-19 16:27:49,0.905s,PASSED
"setText(findTestObject(""Object Repository/TC invalid email register/android.widget.EditText (1)""), ""lasriaaa"", 0)",,,,2023-12-19 16:27:49,2023-12-19 16:27:50,0.884s,PASSED
"tap(findTestObject(""Object Repository/TC invalid email register/android.widget.EditText (2)""), 0)",,,,2023-12-19 16:27:50,2023-12-19 16:27:51,0.859s,PASSED
"setText(findTestObject(""Object Repository/TC invalid email register/android.widget.EditText (3)""), ""lasria"", 0)",,,,2023-12-19 16:27:51,2023-12-19 16:27:52,0.897s,PASSED
"tap(findTestObject(""Object Repository/TC invalid email register/android.widget.EditText (4)""), 0)",,,,2023-12-19 16:27:52,2023-12-19 16:27:53,0.803s,PASSED
"setText(findTestObject(""Object Repository/TC invalid email register/android.widget.EditText (5)""), ""@Lasria01"", 0)",,,,2023-12-19 16:27:53,2023-12-19 16:27:53,0.790s,PASSED
"tap(findTestObject(""Object Repository/TC invalid email register/android.widget.EditText (6)""), 0)",,,,2023-12-19 16:27:53,2023-12-19 16:27:54,0.741s,PASSED
"setText(findTestObject(""Object Repository/TC invalid email register/android.widget.EditText (7)""), ""@Lasria01"", 0)",,,,2023-12-19 16:27:54,2023-12-19 16:27:55,0.792s,PASSED
"tap(findTestObject(""Object Repository/TC invalid email register/android.widget.Button (2)""), 0)",,,,2023-12-19 16:27:55,2023-12-19 16:27:56,0.726s,PASSED
closeApplication(),,,,2023-12-19 16:27:56,2023-12-19 16:27:57,0.930s,PASSED
,,,,,,,
Test Cases/TC4 ivalid password register,,,,2023-12-19 16:27:57,2023-12-19 16:28:27,30.472s,PASSED
"startApplication(""C:\Users\User-PC\Downloads\app-release (2).apk"", true)",,,,2023-12-19 16:27:57,2023-12-19 16:28:14,17.461s,PASSED
"tap(findTestObject(""Object Repository/TC4 Invalid password/android.widget.ImageView""), 0)",,,,2023-12-19 16:28:14,2023-12-19 16:28:17,2.777s,PASSED
"tap(findTestObject(""Object Repository/TC4 Invalid password/android.widget.Button""), 0)",,,,2023-12-19 16:28:17,2023-12-19 16:28:18,0.873s,PASSED
"tap(findTestObject(""Object Repository/TC4 Invalid password/android.widget.Button (1)""), 0)",,,,2023-12-19 16:28:18,2023-12-19 16:28:19,0.850s,PASSED
"tap(findTestObject(""Object Repository/TC4 Invalid password/android.widget.EditText""), 0)",,,,2023-12-19 16:28:19,2023-12-19 16:28:20,0.864s,PASSED
"setText(findTestObject(""Object Repository/TC4 Invalid password/android.widget.EditText (1)""), ""LASRIA"", 0)",,,,2023-12-19 16:28:20,2023-12-19 16:28:21,0.884s,PASSED
"tap(findTestObject(""Object Repository/TC4 Invalid password/android.widget.EditText (2)""), 0)",,,,2023-12-19 16:28:21,2023-12-19 16:28:22,0.814s,PASSED
"setText(findTestObject(""Object Repository/TC4 Invalid password/android.widget.EditText (3)""), ""@Lasriargg08"", 0)",,,,2023-12-19 16:28:22,2023-12-19 16:28:22,0.809s,PASSED
"tap(findTestObject(""Object Repository/TC4 Invalid password/android.widget.EditText (4)""), 0)",,,,2023-12-19 16:28:22,2023-12-19 16:28:23,0.768s,PASSED
"setText(findTestObject(""Object Repository/TC4 Invalid password/android.widget.EditText (5)""), ""@"", 0)",,,,2023-12-19 16:28:23,2023-12-19 16:28:24,0.779s,PASSED
"tap(findTestObject(""Object Repository/TC4 Invalid password/android.widget.EditText (6)""), 0)",,,,2023-12-19 16:28:24,2023-12-19 16:28:25,0.782s,PASSED
"setText(findTestObject(""Object Repository/TC4 Invalid password/android.widget.EditText (7)""), ""@"", 0)",,,,2023-12-19 16:28:25,2023-12-19 16:28:25,0.757s,PASSED
"tap(findTestObject(""Object Repository/TC4 Invalid password/android.widget.Button (2)""), 0)",,,,2023-12-19 16:28:25,2023-12-19 16:28:26,0.717s,PASSED
closeApplication(),,,,2023-12-19 16:28:26,2023-12-19 16:28:27,0.938s,PASSED
,,,,,,,
Test Cases/TC5 not email register,,,,2023-12-19 16:28:27,2023-12-19 16:28:57,29.696s,PASSED
"startApplication(""C:\Users\User-PC\Downloads\app-release (2).apk"", true)",,,,2023-12-19 16:28:27,2023-12-19 16:28:45,17.205s,PASSED
"tap(findTestObject(""Object Repository/TC5 not email regis/android.widget.ImageView""), 0)",,,,2023-12-19 16:28:45,2023-12-19 16:28:48,2.991s,PASSED
"tap(findTestObject(""Object Repository/TC5 not email regis/android.widget.Button""), 0)",,,,2023-12-19 16:28:48,2023-12-19 16:28:49,0.876s,PASSED
"tap(findTestObject(""Object Repository/TC5 not email regis/android.widget.Button (1)""), 0)",,,,2023-12-19 16:28:49,2023-12-19 16:28:49,0.807s,PASSED
"tap(findTestObject(""Object Repository/TC5 not email regis/android.widget.EditText""), 0)",,,,2023-12-19 16:28:49,2023-12-19 16:28:50,0.885s,PASSED
"setText(findTestObject(""Object Repository/TC5 not email regis/android.widget.EditText (1)""), ""lassra"", 0)",,,,2023-12-19 16:28:50,2023-12-19 16:28:51,0.867s,PASSED
"tap(findTestObject(""Object Repository/TC5 not email regis/android.widget.EditText (2)""), 0)",,,,2023-12-19 16:28:51,2023-12-19 16:28:52,0.734s,PASSED
"tap(findTestObject(""Object Repository/TC5 not email regis/android.widget.EditText (3)""), 0)",,,,2023-12-19 16:28:52,2023-12-19 16:28:53,0.698s,PASSED
"setText(findTestObject(""Object Repository/TC5 not email regis/android.widget.EditText (4)""), ""@Lasria"", 0)",,,,2023-12-19 16:28:53,2023-12-19 16:28:53,0.732s,PASSED
"tap(findTestObject(""Object Repository/TC5 not email regis/android.widget.EditText (5)""), 0)",,,,2023-12-19 16:28:53,2023-12-19 16:28:54,0.724s,PASSED
"setText(findTestObject(""Object Repository/TC5 not email regis/android.widget.EditText (6)""), ""@Lasriargg"", 0)",,,,2023-12-19 16:28:54,2023-12-19 16:28:55,0.735s,PASSED
"tap(findTestObject(""Object Repository/TC5 not email regis/android.widget.Button (2)""), 0)",,,,2023-12-19 16:28:55,2023-12-19 16:28:55,0.759s,PASSED
closeApplication(),,,,2023-12-19 16:28:55,2023-12-19 16:28:57,1.315s,PASSED
