Suite/Test/Step Name,Browser,Description,Tag,Start time,End time,Duration,Status
harsa mobile,,,,2023-12-19 16:48:45,2023-12-19 16:52:25,3m - 39.976s,PASSED
,,,,,,,
Test Cases/TC1 Succesful register,,,,2023-12-19 16:48:46,2023-12-19 16:49:15,28.974s,PASSED
"startApplication(""C:\Users\User-PC\Downloads\app-release (2).apk"", true)",,,,2023-12-19 16:48:46,2023-12-19 16:49:03,17.329s,PASSED
"tap(findTestObject(""Object Repository/TC1 Successful Register/android.widget.ImageView""), 0)",,,,2023-12-19 16:49:03,2023-12-19 16:49:06,2.167s,PASSED
"tap(findTestObject(""Object Repository/TC1 Successful Register/android.widget.Button""), 0)",,,,2023-12-19 16:49:06,2023-12-19 16:49:07,0.872s,PASSED
"tap(findTestObject(""Object Repository/TC1 Successful Register/android.widget.Button (1)""), 0)",,,,2023-12-19 16:49:07,2023-12-19 16:49:07,0.756s,PASSED
"tap(findTestObject(""Object Repository/TC1 Successful Register/android.widget.EditText""), 0)",,,,2023-12-19 16:49:07,2023-12-19 16:49:08,0.776s,PASSED
"setText(findTestObject(""Object Repository/TC1 Successful Register/android.widget.EditText (1)""), ""immanuel"", 0)",,,,2023-12-19 16:49:08,2023-12-19 16:49:09,0.717s,PASSED
"tap(findTestObject(""Object Repository/TC1 Successful Register/android.widget.EditText (2)""), 0)",,,,2023-12-19 16:49:09,2023-12-19 16:49:09,0.685s,PASSED
"setText(findTestObject(""Object Repository/TC1 Successful Register/android.widget.EditText (3)""), ""immanuel@gmail.com"", 0)",,,,2023-12-19 16:49:09,2023-12-19 16:49:10,0.668s,PASSED
"tap(findTestObject(""Object Repository/TC1 Successful Register/android.widget.EditText (4)""), 0)",,,,2023-12-19 16:49:10,2023-12-19 16:49:11,0.682s,PASSED
"setText(findTestObject(""Object Repository/TC1 Successful Register/android.widget.EditText (5)""), ""@Immanuel1"", 0)",,,,2023-12-19 16:49:11,2023-12-19 16:49:12,0.731s,PASSED
"tap(findTestObject(""Object Repository/TC1 Successful Register/android.widget.EditText (6)""), 0)",,,,2023-12-19 16:49:12,2023-12-19 16:49:12,0.699s,PASSED
"setText(findTestObject(""Object Repository/TC1 Successful Register/android.widget.EditText (7)""), ""@Immanuel1"", 0)",,,,2023-12-19 16:49:12,2023-12-19 16:49:13,0.713s,PASSED
"tap(findTestObject(""TC1 Successful Register/android.widget.Button (2)""), 0)",,,,2023-12-19 16:49:13,2023-12-19 16:49:14,0.685s,PASSED
closeApplication(),,,,2023-12-19 16:49:14,2023-12-19 16:49:15,1.006s,PASSED
,,,,,,,
Test Cases/TC2 Invalid email and password,,,,2023-12-19 16:49:15,2023-12-19 16:49:42,27.725s,PASSED
"startApplication(""C:\Users\User-PC\Downloads\app-release (2).apk"", true)",,,,2023-12-19 16:49:15,2023-12-19 16:49:31,15.614s,PASSED
"tap(findTestObject(""Object Repository/TC2 Failed invalid email and password/android.widget.ImageView""), 0)",,,,2023-12-19 16:49:31,2023-12-19 16:49:33,2.721s,PASSED
"tap(findTestObject(""Object Repository/TC2 Failed invalid email and password/android.widget.Button""), 0)",,,,2023-12-19 16:49:33,2023-12-19 16:49:34,0.936s,PASSED
"tap(findTestObject(""Object Repository/TC2 Failed invalid email and password/android.widget.Button (1)""), 0)",,,,2023-12-19 16:49:34,2023-12-19 16:49:35,0.740s,PASSED
"tap(findTestObject(""Object Repository/TC2 Failed invalid email and password/android.widget.EditText""), 0)",,,,2023-12-19 16:49:35,2023-12-19 16:49:36,0.778s,PASSED
"setText(findTestObject(""Object Repository/TC2 Failed invalid email and password/android.widget.EditText (1)""), ""RIA"", 0)",,,,2023-12-19 16:49:36,2023-12-19 16:49:37,0.733s,PASSED
"tap(findTestObject(""Object Repository/TC2 Failed invalid email and password/android.widget.EditText (2)""), 0)",,,,2023-12-19 16:49:37,2023-12-19 16:49:37,0.676s,PASSED
"setText(findTestObject(""Object Repository/TC2 Failed invalid email and password/android.widget.EditText (3)""), ""RIA.com"", 0)",,,,2023-12-19 16:49:37,2023-12-19 16:49:38,0.742s,PASSED
"tap(findTestObject(""Object Repository/TC2 Failed invalid email and password/android.widget.EditText (4)""), 0)",,,,2023-12-19 16:49:38,2023-12-19 16:49:39,0.680s,PASSED
"setText(findTestObject(""Object Repository/TC2 Failed invalid email and password/android.widget.EditText (5)""), ""@ria"", 0)",,,,2023-12-19 16:49:39,2023-12-19 16:49:39,0.711s,PASSED
"tap(findTestObject(""Object Repository/TC2 Failed invalid email and password/android.widget.EditText (6)""), 0)",,,,2023-12-19 16:49:39,2023-12-19 16:49:40,0.702s,PASSED
"setText(findTestObject(""Object Repository/TC2 Failed invalid email and password/android.widget.EditText (7)""), ""@ria"", 0)",,,,2023-12-19 16:49:40,2023-12-19 16:49:41,0.723s,PASSED
"tap(findTestObject(""Object Repository/TC2 Failed invalid email and password/android.widget.Button (2)""), 0)",,,,2023-12-19 16:49:41,2023-12-19 16:49:41,0.706s,PASSED
closeApplication(),,,,2023-12-19 16:49:41,2023-12-19 16:49:42,0.926s,PASSED
,,,,,,,
Test Cases/TC3 Invalid email Register,,,,2023-12-19 16:49:42,2023-12-19 16:50:12,29.924s,PASSED
"startApplication(""C:\Users\User-PC\Downloads\app-release (2).apk"", true)",,,,2023-12-19 16:49:43,2023-12-19 16:50:00,17.136s,PASSED
"tap(findTestObject(""Object Repository/TC invalid email register/android.widget.ImageView""), 0)",,,,2023-12-19 16:50:00,2023-12-19 16:50:03,3.010s,PASSED
"tap(findTestObject(""Object Repository/TC invalid email register/android.widget.Button""), 0)",,,,2023-12-19 16:50:03,2023-12-19 16:50:04,0.949s,PASSED
"tap(findTestObject(""Object Repository/TC invalid email register/android.widget.Button (1)""), 0)",,,,2023-12-19 16:50:04,2023-12-19 16:50:05,0.878s,PASSED
"tap(findTestObject(""Object Repository/TC invalid email register/android.widget.EditText""), 0)",,,,2023-12-19 16:50:05,2023-12-19 16:50:06,0.828s,PASSED
"setText(findTestObject(""Object Repository/TC invalid email register/android.widget.EditText (1)""), ""lasriaaa"", 0)",,,,2023-12-19 16:50:06,2023-12-19 16:50:06,0.728s,PASSED
"tap(findTestObject(""Object Repository/TC invalid email register/android.widget.EditText (2)""), 0)",,,,2023-12-19 16:50:06,2023-12-19 16:50:07,0.700s,PASSED
"setText(findTestObject(""Object Repository/TC invalid email register/android.widget.EditText (3)""), ""lasria"", 0)",,,,2023-12-19 16:50:07,2023-12-19 16:50:08,0.729s,PASSED
"tap(findTestObject(""Object Repository/TC invalid email register/android.widget.EditText (4)""), 0)",,,,2023-12-19 16:50:08,2023-12-19 16:50:08,0.692s,PASSED
"setText(findTestObject(""Object Repository/TC invalid email register/android.widget.EditText (5)""), ""@Lasria01"", 0)",,,,2023-12-19 16:50:08,2023-12-19 16:50:09,0.752s,PASSED
"tap(findTestObject(""Object Repository/TC invalid email register/android.widget.EditText (6)""), 0)",,,,2023-12-19 16:50:09,2023-12-19 16:50:10,0.707s,PASSED
"setText(findTestObject(""Object Repository/TC invalid email register/android.widget.EditText (7)""), ""@Lasria01"", 0)",,,,2023-12-19 16:50:10,2023-12-19 16:50:11,0.717s,PASSED
"tap(findTestObject(""Object Repository/TC invalid email register/android.widget.Button (2)""), 0)",,,,2023-12-19 16:50:11,2023-12-19 16:50:11,0.706s,PASSED
closeApplication(),,,,2023-12-19 16:50:11,2023-12-19 16:50:12,1.027s,PASSED
,,,,,,,
Test Cases/TC4 ivalid password register,,,,2023-12-19 16:50:12,2023-12-19 16:50:42,29.311s,PASSED
"startApplication(""C:\Users\User-PC\Downloads\app-release (2).apk"", true)",,,,2023-12-19 16:50:13,2023-12-19 16:50:30,17.029s,PASSED
"tap(findTestObject(""Object Repository/TC4 Invalid password/android.widget.ImageView""), 0)",,,,2023-12-19 16:50:30,2023-12-19 16:50:33,2.949s,PASSED
"tap(findTestObject(""Object Repository/TC4 Invalid password/android.widget.Button""), 0)",,,,2023-12-19 16:50:33,2023-12-19 16:50:34,0.916s,PASSED
"tap(findTestObject(""Object Repository/TC4 Invalid password/android.widget.Button (1)""), 0)",,,,2023-12-19 16:50:34,2023-12-19 16:50:34,0.749s,PASSED
"tap(findTestObject(""Object Repository/TC4 Invalid password/android.widget.EditText""), 0)",,,,2023-12-19 16:50:34,2023-12-19 16:50:35,0.751s,PASSED
"setText(findTestObject(""Object Repository/TC4 Invalid password/android.widget.EditText (1)""), ""LASRIA"", 0)",,,,2023-12-19 16:50:35,2023-12-19 16:50:36,0.737s,PASSED
"tap(findTestObject(""Object Repository/TC4 Invalid password/android.widget.EditText (2)""), 0)",,,,2023-12-19 16:50:36,2023-12-19 16:50:37,0.691s,PASSED
"setText(findTestObject(""Object Repository/TC4 Invalid password/android.widget.EditText (3)""), ""@Lasriargg08"", 0)",,,,2023-12-19 16:50:37,2023-12-19 16:50:37,0.711s,PASSED
"tap(findTestObject(""Object Repository/TC4 Invalid password/android.widget.EditText (4)""), 0)",,,,2023-12-19 16:50:37,2023-12-19 16:50:38,0.672s,PASSED
"setText(findTestObject(""Object Repository/TC4 Invalid password/android.widget.EditText (5)""), ""@"", 0)",,,,2023-12-19 16:50:38,2023-12-19 16:50:39,0.710s,PASSED
"tap(findTestObject(""Object Repository/TC4 Invalid password/android.widget.EditText (6)""), 0)",,,,2023-12-19 16:50:39,2023-12-19 16:50:39,0.715s,PASSED
"setText(findTestObject(""Object Repository/TC4 Invalid password/android.widget.EditText (7)""), ""@"", 0)",,,,2023-12-19 16:50:39,2023-12-19 16:50:40,0.714s,PASSED
"tap(findTestObject(""Object Repository/TC4 Invalid password/android.widget.Button (2)""), 0)",,,,2023-12-19 16:50:40,2023-12-19 16:50:41,0.681s,PASSED
closeApplication(),,,,2023-12-19 16:50:41,2023-12-19 16:50:42,0.917s,PASSED
,,,,,,,
Test Cases/TC5 not email register,,,,2023-12-19 16:50:42,2023-12-19 16:51:12,30.658s,PASSED
"startApplication(""C:\Users\User-PC\Downloads\app-release (2).apk"", true)",,,,2023-12-19 16:50:42,2023-12-19 16:51:01,19.365s,PASSED
"tap(findTestObject(""Object Repository/TC5 not email regis/android.widget.ImageView""), 0)",,,,2023-12-19 16:51:01,2023-12-19 16:51:04,2.464s,PASSED
"tap(findTestObject(""Object Repository/TC5 not email regis/android.widget.Button""), 0)",,,,2023-12-19 16:51:04,2023-12-19 16:51:05,0.969s,PASSED
"tap(findTestObject(""Object Repository/TC5 not email regis/android.widget.Button (1)""), 0)",,,,2023-12-19 16:51:05,2023-12-19 16:51:06,0.826s,PASSED
"tap(findTestObject(""Object Repository/TC5 not email regis/android.widget.EditText""), 0)",,,,2023-12-19 16:51:06,2023-12-19 16:51:06,0.790s,PASSED
"setText(findTestObject(""Object Repository/TC5 not email regis/android.widget.EditText (1)""), ""lassra"", 0)",,,,2023-12-19 16:51:06,2023-12-19 16:51:07,0.722s,PASSED
"tap(findTestObject(""Object Repository/TC5 not email regis/android.widget.EditText (2)""), 0)",,,,2023-12-19 16:51:07,2023-12-19 16:51:08,0.722s,PASSED
"tap(findTestObject(""Object Repository/TC5 not email regis/android.widget.EditText (3)""), 0)",,,,2023-12-19 16:51:08,2023-12-19 16:51:09,0.662s,PASSED
"setText(findTestObject(""Object Repository/TC5 not email regis/android.widget.EditText (4)""), ""@Lasria"", 0)",,,,2023-12-19 16:51:09,2023-12-19 16:51:09,0.719s,PASSED
"tap(findTestObject(""Object Repository/TC5 not email regis/android.widget.EditText (5)""), 0)",,,,2023-12-19 16:51:09,2023-12-19 16:51:10,0.684s,PASSED
"setText(findTestObject(""Object Repository/TC5 not email regis/android.widget.EditText (6)""), ""@Lasriargg"", 0)",,,,2023-12-19 16:51:10,2023-12-19 16:51:11,0.709s,PASSED
"tap(findTestObject(""Object Repository/TC5 not email regis/android.widget.Button (2)""), 0)",,,,2023-12-19 16:51:11,2023-12-19 16:51:11,0.684s,PASSED
closeApplication(),,,,2023-12-19 16:51:11,2023-12-19 16:51:12,0.926s,PASSED
,,,,,,,
Test Cases/TC6 not pw register,,,,2023-12-19 16:51:12,2023-12-19 16:51:45,32.615s,PASSED
"startApplication(""C:\Users\User-PC\Downloads\app-release (2).apk"", true)",,,,2023-12-19 16:51:13,2023-12-19 16:51:34,21.189s,PASSED
"tap(findTestObject(""Object Repository/TC6 not pw Register/android.widget.ImageView""), 0)",,,,2023-12-19 16:51:34,2023-12-19 16:51:37,2.813s,PASSED
"tap(findTestObject(""Object Repository/TC6 not pw Register/android.widget.Button""), 0)",,,,2023-12-19 16:51:37,2023-12-19 16:51:38,1.012s,PASSED
"tap(findTestObject(""Object Repository/TC6 not pw Register/android.widget.Button (1)""), 0)",,,,2023-12-19 16:51:38,2023-12-19 16:51:39,0.834s,PASSED
"tap(findTestObject(""Object Repository/TC6 not pw Register/android.widget.EditText""), 0)",,,,2023-12-19 16:51:39,2023-12-19 16:51:39,0.837s,PASSED
"setText(findTestObject(""Object Repository/TC6 not pw Register/android.widget.EditText (1)""), ""lasria"", 0)",,,,2023-12-19 16:51:39,2023-12-19 16:51:40,0.721s,PASSED
"tap(findTestObject(""Object Repository/TC6 not pw Register/android.widget.EditText (2)""), 0)",,,,2023-12-19 16:51:40,2023-12-19 16:51:41,0.739s,PASSED
"setText(findTestObject(""Object Repository/TC6 not pw Register/android.widget.EditText (3)""), ""lasria@gmail.com"", 0)",,,,2023-12-19 16:51:41,2023-12-19 16:51:42,0.708s,PASSED
"tap(findTestObject(""Object Repository/TC6 not pw Register/android.widget.EditText (4)""), 0)",,,,2023-12-19 16:51:42,2023-12-19 16:51:42,0.674s,PASSED
"tap(findTestObject(""Object Repository/TC6 not pw Register/android.widget.EditText (5)""), 0)",,,,2023-12-19 16:51:42,2023-12-19 16:51:43,0.645s,PASSED
"tap(findTestObject(""Object Repository/TC6 not pw Register/android.widget.EditText (6)""), 0)",,,,2023-12-19 16:51:43,2023-12-19 16:51:43,0.219s,PASSED
"tap(findTestObject(""Object Repository/TC6 not pw Register/android.widget.Button (2)""), 0)",,,,2023-12-19 16:51:43,2023-12-19 16:51:44,0.679s,PASSED
closeApplication(),,,,2023-12-19 16:51:44,2023-12-19 16:51:45,1.115s,PASSED
,,,,,,,
Test Cases/TC7 duplicate email regis,,,,2023-12-19 16:51:45,2023-12-19 16:52:25,40.415s,PASSED
"startApplication(""C:\Users\User-PC\Downloads\app-release (2).apk"", true)",,,,2023-12-19 16:51:46,2023-12-19 16:52:12,26.874s,PASSED
"tap(findTestObject(""Object Repository/TC7 duplicate email/android.widget.ImageView""), 0)",,,,2023-12-19 16:52:12,2023-12-19 16:52:15,2.796s,PASSED
"tap(findTestObject(""Object Repository/TC7 duplicate email/android.widget.Button""), 0)",,,,2023-12-19 16:52:15,2023-12-19 16:52:17,1.306s,PASSED
"tap(findTestObject(""Object Repository/TC7 duplicate email/android.widget.Button (1)""), 0)",,,,2023-12-19 16:52:17,2023-12-19 16:52:17,0.883s,PASSED
"tap(findTestObject(""Object Repository/TC7 duplicate email/android.widget.EditText""), 0)",,,,2023-12-19 16:52:17,2023-12-19 16:52:18,0.831s,PASSED
"setText(findTestObject(""Object Repository/TC7 duplicate email/android.widget.EditText (1)""), ""lasria"", 0)",,,,2023-12-19 16:52:18,2023-12-19 16:52:19,0.748s,PASSED
"tap(findTestObject(""Object Repository/TC7 duplicate email/android.widget.EditText (2)""), 0)",,,,2023-12-19 16:52:19,2023-12-19 16:52:20,0.731s,PASSED
"setText(findTestObject(""Object Repository/TC7 duplicate email/android.widget.EditText (3)""), ""lasria@gmail.com"", 0)",,,,2023-12-19 16:52:20,2023-12-19 16:52:20,0.716s,PASSED
"tap(findTestObject(""Object Repository/TC7 duplicate email/android.widget.EditText (4)""), 0)",,,,2023-12-19 16:52:20,2023-12-19 16:52:21,0.727s,PASSED
"setText(findTestObject(""Object Repository/TC7 duplicate email/android.widget.EditText (5)""), ""@Lasriargg01"", 0)",,,,2023-12-19 16:52:21,2023-12-19 16:52:22,0.728s,PASSED
"tap(findTestObject(""Object Repository/TC7 duplicate email/android.widget.EditText (6)""), 0)",,,,2023-12-19 16:52:22,2023-12-19 16:52:23,0.696s,PASSED
"setText(findTestObject(""Object Repository/TC7 duplicate email/android.widget.EditText (7)""), ""@Lasriargg01"", 0)",,,,2023-12-19 16:52:23,2023-12-19 16:52:23,0.721s,PASSED
"tap(findTestObject(""Object Repository/TC7 duplicate email/android.widget.Button (2)""), 0)",,,,2023-12-19 16:52:23,2023-12-19 16:52:24,0.701s,PASSED
closeApplication(),,,,2023-12-19 16:52:24,2023-12-19 16:52:25,1.351s,PASSED
