Suite/Test/Step Name,Browser,Description,Tag,Start time,End time,Duration,Status
REGISTER AND LOGIN,,,,2023-12-20 20:48:51,2023-12-20 20:56:46,7m - 54.192s,PASSED
,,,,,,,
Test Cases/register/TC1 Succesful register,,,,2023-12-20 20:48:53,2023-12-20 20:49:39,46.298s,PASSED
"startApplication(""C:\Users\User-PC\Downloads\app-release (2).apk"", true)",,,,2023-12-20 20:48:56,2023-12-20 20:49:27,31.814s,PASSED
"tap(findTestObject(""Object Repository/REGISTER/TC1 Successful Register/android.widget.ImageView""), 0)",,,,2023-12-20 20:49:27,2023-12-20 20:49:29,1.648s,PASSED
"tap(findTestObject(""Object Repository/REGISTER/TC1 Successful Register/android.widget.Button""), 0)",,,,2023-12-20 20:49:29,2023-12-20 20:49:30,1.309s,PASSED
"tap(findTestObject(""Object Repository/REGISTER/TC1 Successful Register/android.widget.Button (1)""), 0)",,,,2023-12-20 20:49:30,2023-12-20 20:49:31,0.911s,PASSED
"tap(findTestObject(""Object Repository/REGISTER/TC1 Successful Register/android.widget.EditText""), 0)",,,,2023-12-20 20:49:31,2023-12-20 20:49:32,0.950s,PASSED
"setText(findTestObject(""Object Repository/REGISTER/TC1 Successful Register/android.widget.EditText (1)""), ""immanuel"", 0)",,,,2023-12-20 20:49:32,2023-12-20 20:49:33,0.778s,PASSED
"tap(findTestObject(""Object Repository/REGISTER/TC1 Successful Register/android.widget.EditText (2)""), 0)",,,,2023-12-20 20:49:33,2023-12-20 20:49:34,0.772s,PASSED
"setText(findTestObject(""Object Repository/REGISTER/TC1 Successful Register/android.widget.EditText (3)""), ""immanuel@gmail.com"", 0)",,,,2023-12-20 20:49:34,2023-12-20 20:49:34,0.738s,PASSED
"tap(findTestObject(""Object Repository/REGISTER/TC1 Successful Register/android.widget.EditText (4)""), 0)",,,,2023-12-20 20:49:34,2023-12-20 20:49:35,0.714s,PASSED
"setText(findTestObject(""Object Repository/REGISTER/TC1 Successful Register/android.widget.EditText (5)""), ""@Immanuel1"", 0)",,,,2023-12-20 20:49:35,2023-12-20 20:49:36,0.722s,PASSED
"tap(findTestObject(""Object Repository/REGISTER/TC1 Successful Register/android.widget.EditText (6)""), 0)",,,,2023-12-20 20:49:36,2023-12-20 20:49:37,0.677s,PASSED
"setText(findTestObject(""Object Repository/REGISTER/TC1 Successful Register/android.widget.EditText (7)""), ""@Immanuel1"", 0)",,,,2023-12-20 20:49:37,2023-12-20 20:49:37,0.719s,PASSED
"tap(findTestObject(""REGISTER/TC1 Successful Register/android.widget.Button (2)""), 0)",,,,2023-12-20 20:49:37,2023-12-20 20:49:38,0.743s,PASSED
closeApplication(),,,,2023-12-20 20:49:38,2023-12-20 20:49:39,1.454s,PASSED
,,,,,,,
Test Cases/register/TC2 Invalid email and password,,,,2023-12-20 20:49:39,2023-12-20 20:50:16,36.935s,PASSED
"startApplication(""C:\Users\User-PC\Downloads\app-release (2).apk"", true)",,,,2023-12-20 20:49:40,2023-12-20 20:50:02,21.973s,PASSED
"tap(findTestObject(""Object Repository/TC2 Failed invalid email and password/android.widget.ImageView""), 0)",,,,2023-12-20 20:50:02,2023-12-20 20:50:04,2.149s,PASSED
"tap(findTestObject(""Object Repository/TC2 Failed invalid email and password/android.widget.Button""), 0)",,,,2023-12-20 20:50:04,2023-12-20 20:50:06,1.339s,PASSED
"tap(findTestObject(""Object Repository/TC2 Failed invalid email and password/android.widget.Button (1)""), 0)",,,,2023-12-20 20:50:06,2023-12-20 20:50:07,1.216s,PASSED
"tap(findTestObject(""Object Repository/TC2 Failed invalid email and password/android.widget.EditText""), 0)",,,,2023-12-20 20:50:07,2023-12-20 20:50:08,1.276s,PASSED
"setText(findTestObject(""Object Repository/TC2 Failed invalid email and password/android.widget.EditText (1)""), ""RIA"", 0)",,,,2023-12-20 20:50:08,2023-12-20 20:50:09,0.820s,PASSED
"tap(findTestObject(""Object Repository/TC2 Failed invalid email and password/android.widget.EditText (2)""), 0)",,,,2023-12-20 20:50:09,2023-12-20 20:50:10,0.825s,PASSED
"setText(findTestObject(""Object Repository/TC2 Failed invalid email and password/android.widget.EditText (3)""), ""RIA.com"", 0)",,,,2023-12-20 20:50:10,2023-12-20 20:50:11,0.834s,PASSED
"tap(findTestObject(""Object Repository/TC2 Failed invalid email and password/android.widget.EditText (4)""), 0)",,,,2023-12-20 20:50:11,2023-12-20 20:50:11,0.791s,PASSED
"setText(findTestObject(""Object Repository/TC2 Failed invalid email and password/android.widget.EditText (5)""), ""@ria"", 0)",,,,2023-12-20 20:50:11,2023-12-20 20:50:12,0.755s,PASSED
"tap(findTestObject(""Object Repository/TC2 Failed invalid email and password/android.widget.EditText (6)""), 0)",,,,2023-12-20 20:50:12,2023-12-20 20:50:13,0.812s,PASSED
"setText(findTestObject(""Object Repository/TC2 Failed invalid email and password/android.widget.EditText (7)""), ""@ria"", 0)",,,,2023-12-20 20:50:13,2023-12-20 20:50:14,0.805s,PASSED
"tap(findTestObject(""Object Repository/TC2 Failed invalid email and password/android.widget.Button (2)""), 0)",,,,2023-12-20 20:50:14,2023-12-20 20:50:15,0.784s,PASSED
closeApplication(),,,,2023-12-20 20:50:15,2023-12-20 20:50:16,1.860s,PASSED
,,,,,,,
Test Cases/register/TC3 Invalid email Register,,,,2023-12-20 20:50:16,2023-12-20 20:50:53,36.345s,PASSED
"startApplication(""C:\Users\User-PC\Downloads\app-release (2).apk"", true)",,,,2023-12-20 20:50:17,2023-12-20 20:50:40,22.743s,PASSED
"tap(findTestObject(""Object Repository/REGISTER/TC invalid email register/android.widget.ImageView""), 0)",,,,2023-12-20 20:50:40,2023-12-20 20:50:43,3.035s,PASSED
"tap(findTestObject(""Object Repository/REGISTER/TC invalid email register/android.widget.Button""), 0)",,,,2023-12-20 20:50:43,2023-12-20 20:50:44,0.989s,PASSED
"tap(findTestObject(""Object Repository/REGISTER/TC invalid email register/android.widget.Button (1)""), 0)",,,,2023-12-20 20:50:44,2023-12-20 20:50:45,0.951s,PASSED
"tap(findTestObject(""Object Repository/REGISTER/TC invalid email register/android.widget.EditText""), 0)",,,,2023-12-20 20:50:45,2023-12-20 20:50:46,0.810s,PASSED
"setText(findTestObject(""Object Repository/REGISTER/TC invalid email register/android.widget.EditText (1)""), ""lasriaaa"", 0)",,,,2023-12-20 20:50:46,2023-12-20 20:50:47,0.732s,PASSED
"tap(findTestObject(""Object Repository/REGISTER/TC invalid email register/android.widget.EditText (2)""), 0)",,,,2023-12-20 20:50:47,2023-12-20 20:50:47,0.687s,PASSED
"setText(findTestObject(""Object Repository/REGISTER/TC invalid email register/android.widget.EditText (3)""), ""lasria"", 0)",,,,2023-12-20 20:50:47,2023-12-20 20:50:48,0.711s,PASSED
"tap(findTestObject(""Object Repository/REGISTER/TC invalid email register/android.widget.EditText (4)""), 0)",,,,2023-12-20 20:50:48,2023-12-20 20:50:49,0.694s,PASSED
"setText(findTestObject(""Object Repository/REGISTER/TC invalid email register/android.widget.EditText (5)""), ""@Lasria01"", 0)",,,,2023-12-20 20:50:49,2023-12-20 20:50:50,0.716s,PASSED
"tap(findTestObject(""Object Repository/REGISTER/TC invalid email register/android.widget.EditText (6)""), 0)",,,,2023-12-20 20:50:50,2023-12-20 20:50:50,0.710s,PASSED
"setText(findTestObject(""Object Repository/REGISTER/TC invalid email register/android.widget.EditText (7)""), ""@Lasria01"", 0)",,,,2023-12-20 20:50:50,2023-12-20 20:50:51,0.721s,PASSED
"tap(findTestObject(""Object Repository/REGISTER/TC invalid email register/android.widget.Button (2)""), 0)",,,,2023-12-20 20:50:51,2023-12-20 20:50:52,0.690s,PASSED
closeApplication(),,,,2023-12-20 20:50:52,2023-12-20 20:50:53,1.110s,PASSED
,,,,,,,
Test Cases/register/TC4 ivalid password register,,,,2023-12-20 20:50:53,2023-12-20 20:51:24,31.573s,PASSED
"startApplication(""C:\Users\User-PC\Downloads\app-release (2).apk"", true)",,,,2023-12-20 20:50:53,2023-12-20 20:51:12,18.883s,PASSED
"tap(findTestObject(""Object Repository/TC4 Invalid password/android.widget.ImageView""), 0)",,,,2023-12-20 20:51:12,2023-12-20 20:51:14,2.152s,PASSED
"tap(findTestObject(""Object Repository/TC4 Invalid password/android.widget.Button""), 0)",,,,2023-12-20 20:51:14,2023-12-20 20:51:15,1.022s,PASSED
"tap(findTestObject(""Object Repository/TC4 Invalid password/android.widget.Button (1)""), 0)",,,,2023-12-20 20:51:15,2023-12-20 20:51:16,0.909s,PASSED
"tap(findTestObject(""Object Repository/TC4 Invalid password/android.widget.EditText""), 0)",,,,2023-12-20 20:51:16,2023-12-20 20:51:17,0.971s,PASSED
"setText(findTestObject(""Object Repository/TC4 Invalid password/android.widget.EditText (1)""), ""LASRIA"", 0)",,,,2023-12-20 20:51:17,2023-12-20 20:51:18,0.803s,PASSED
"tap(findTestObject(""Object Repository/TC4 Invalid password/android.widget.EditText (2)""), 0)",,,,2023-12-20 20:51:18,2023-12-20 20:51:19,0.808s,PASSED
"setText(findTestObject(""Object Repository/TC4 Invalid password/android.widget.EditText (3)""), ""@Lasriargg08"", 0)",,,,2023-12-20 20:51:19,2023-12-20 20:51:20,0.845s,PASSED
"tap(findTestObject(""Object Repository/TC4 Invalid password/android.widget.EditText (4)""), 0)",,,,2023-12-20 20:51:20,2023-12-20 20:51:20,0.703s,PASSED
"setText(findTestObject(""Object Repository/TC4 Invalid password/android.widget.EditText (5)""), ""@"", 0)",,,,2023-12-20 20:51:20,2023-12-20 20:51:21,0.719s,PASSED
"tap(findTestObject(""Object Repository/TC4 Invalid password/android.widget.EditText (6)""), 0)",,,,2023-12-20 20:51:21,2023-12-20 20:51:22,0.698s,PASSED
"setText(findTestObject(""Object Repository/TC4 Invalid password/android.widget.EditText (7)""), ""@"", 0)",,,,2023-12-20 20:51:22,2023-12-20 20:51:23,0.709s,PASSED
"tap(findTestObject(""Object Repository/TC4 Invalid password/android.widget.Button (2)""), 0)",,,,2023-12-20 20:51:23,2023-12-20 20:51:23,0.682s,PASSED
closeApplication(),,,,2023-12-20 20:51:23,2023-12-20 20:51:24,1.170s,PASSED
,,,,,,,
Test Cases/register/TC5 not email register,,,,2023-12-20 20:51:24,2023-12-20 20:51:58,33.689s,PASSED
"startApplication(""C:\Users\User-PC\Downloads\app-release (2).apk"", true)",,,,2023-12-20 20:51:25,2023-12-20 20:51:45,20.431s,PASSED
"tap(findTestObject(""Object Repository/TC5 not email regis/android.widget.ImageView""), 0)",,,,2023-12-20 20:51:45,2023-12-20 20:51:48,2.658s,PASSED
"tap(findTestObject(""Object Repository/TC5 not email regis/android.widget.Button""), 0)",,,,2023-12-20 20:51:48,2023-12-20 20:51:49,1.352s,PASSED
"tap(findTestObject(""Object Repository/TC5 not email regis/android.widget.Button (1)""), 0)",,,,2023-12-20 20:51:49,2023-12-20 20:51:50,1.014s,PASSED
"tap(findTestObject(""Object Repository/TC5 not email regis/android.widget.EditText""), 0)",,,,2023-12-20 20:51:50,2023-12-20 20:51:52,1.088s,PASSED
"setText(findTestObject(""Object Repository/TC5 not email regis/android.widget.EditText (1)""), ""lassra"", 0)",,,,2023-12-20 20:51:52,2023-12-20 20:51:52,0.727s,PASSED
"tap(findTestObject(""Object Repository/TC5 not email regis/android.widget.EditText (2)""), 0)",,,,2023-12-20 20:51:52,2023-12-20 20:51:53,0.715s,PASSED
"tap(findTestObject(""Object Repository/TC5 not email regis/android.widget.EditText (3)""), 0)",,,,2023-12-20 20:51:53,2023-12-20 20:51:54,0.688s,PASSED
"setText(findTestObject(""Object Repository/TC5 not email regis/android.widget.EditText (4)""), ""@Lasria"", 0)",,,,2023-12-20 20:51:54,2023-12-20 20:51:54,0.729s,PASSED
"tap(findTestObject(""Object Repository/TC5 not email regis/android.widget.EditText (5)""), 0)",,,,2023-12-20 20:51:54,2023-12-20 20:51:55,0.699s,PASSED
"setText(findTestObject(""Object Repository/TC5 not email regis/android.widget.EditText (6)""), ""@Lasriargg"", 0)",,,,2023-12-20 20:51:55,2023-12-20 20:51:56,0.720s,PASSED
"tap(findTestObject(""Object Repository/TC5 not email regis/android.widget.Button (2)""), 0)",,,,2023-12-20 20:51:56,2023-12-20 20:51:57,0.718s,PASSED
closeApplication(),,,,2023-12-20 20:51:57,2023-12-20 20:51:58,1.523s,PASSED
,,,,,,,
Test Cases/register/TC6 not pw register,,,,2023-12-20 20:51:58,2023-12-20 20:52:34,35.891s,PASSED
"startApplication(""C:\Users\User-PC\Downloads\app-release (2).apk"", true)",,,,2023-12-20 20:51:59,2023-12-20 20:52:22,22.707s,PASSED
"tap(findTestObject(""Object Repository/TC6 not pw Register/android.widget.ImageView""), 0)",,,,2023-12-20 20:52:22,2023-12-20 20:52:24,2.342s,PASSED
"tap(findTestObject(""Object Repository/TC6 not pw Register/android.widget.Button""), 0)",,,,2023-12-20 20:52:24,2023-12-20 20:52:25,1.167s,PASSED
"tap(findTestObject(""Object Repository/TC6 not pw Register/android.widget.Button (1)""), 0)",,,,2023-12-20 20:52:25,2023-12-20 20:52:26,1.026s,PASSED
"tap(findTestObject(""Object Repository/TC6 not pw Register/android.widget.EditText""), 0)",,,,2023-12-20 20:52:26,2023-12-20 20:52:27,1.226s,PASSED
"setText(findTestObject(""Object Repository/TC6 not pw Register/android.widget.EditText (1)""), ""lasria"", 0)",,,,2023-12-20 20:52:27,2023-12-20 20:52:28,0.820s,PASSED
"tap(findTestObject(""Object Repository/TC6 not pw Register/android.widget.EditText (2)""), 0)",,,,2023-12-20 20:52:28,2023-12-20 20:52:29,0.781s,PASSED
"setText(findTestObject(""Object Repository/TC6 not pw Register/android.widget.EditText (3)""), ""lasria@gmail.com"", 0)",,,,2023-12-20 20:52:29,2023-12-20 20:52:30,0.803s,PASSED
"tap(findTestObject(""Object Repository/TC6 not pw Register/android.widget.EditText (4)""), 0)",,,,2023-12-20 20:52:30,2023-12-20 20:52:31,0.776s,PASSED
"tap(findTestObject(""Object Repository/TC6 not pw Register/android.widget.EditText (5)""), 0)",,,,2023-12-20 20:52:31,2023-12-20 20:52:31,0.707s,PASSED
"tap(findTestObject(""Object Repository/TC6 not pw Register/android.widget.EditText (6)""), 0)",,,,2023-12-20 20:52:31,2023-12-20 20:52:32,0.331s,PASSED
"tap(findTestObject(""Object Repository/TC6 not pw Register/android.widget.Button (2)""), 0)",,,,2023-12-20 20:52:32,2023-12-20 20:52:32,0.685s,PASSED
closeApplication(),,,,2023-12-20 20:52:32,2023-12-20 20:52:34,1.556s,PASSED
,,,,,,,
Test Cases/register/TC7 duplicate email regis,,,,2023-12-20 20:52:34,2023-12-20 20:53:18,44.487s,PASSED
"startApplication(""C:\Users\User-PC\Downloads\app-release (2).apk"", true)",,,,2023-12-20 20:52:35,2023-12-20 20:53:05,30.373s,PASSED
"tap(findTestObject(""Object Repository/TC7 duplicate email/android.widget.ImageView""), 0)",,,,2023-12-20 20:53:05,2023-12-20 20:53:08,2.914s,PASSED
"tap(findTestObject(""Object Repository/TC7 duplicate email/android.widget.Button""), 0)",,,,2023-12-20 20:53:08,2023-12-20 20:53:09,1.127s,PASSED
"tap(findTestObject(""Object Repository/TC7 duplicate email/android.widget.Button (1)""), 0)",,,,2023-12-20 20:53:09,2023-12-20 20:53:10,0.943s,PASSED
"tap(findTestObject(""Object Repository/TC7 duplicate email/android.widget.EditText""), 0)",,,,2023-12-20 20:53:10,2023-12-20 20:53:11,1.029s,PASSED
"setText(findTestObject(""Object Repository/TC7 duplicate email/android.widget.EditText (1)""), ""lasria"", 0)",,,,2023-12-20 20:53:11,2023-12-20 20:53:12,0.719s,PASSED
"tap(findTestObject(""Object Repository/TC7 duplicate email/android.widget.EditText (2)""), 0)",,,,2023-12-20 20:53:12,2023-12-20 20:53:13,0.745s,PASSED
"setText(findTestObject(""Object Repository/TC7 duplicate email/android.widget.EditText (3)""), ""lasria@gmail.com"", 0)",,,,2023-12-20 20:53:13,2023-12-20 20:53:14,0.759s,PASSED
"tap(findTestObject(""Object Repository/TC7 duplicate email/android.widget.EditText (4)""), 0)",,,,2023-12-20 20:53:14,2023-12-20 20:53:14,0.696s,PASSED
"setText(findTestObject(""Object Repository/TC7 duplicate email/android.widget.EditText (5)""), ""@Lasriargg01"", 0)",,,,2023-12-20 20:53:14,2023-12-20 20:53:15,0.726s,PASSED
"tap(findTestObject(""Object Repository/TC7 duplicate email/android.widget.EditText (6)""), 0)",,,,2023-12-20 20:53:15,2023-12-20 20:53:16,0.714s,PASSED
"setText(findTestObject(""Object Repository/TC7 duplicate email/android.widget.EditText (7)""), ""@Lasriargg01"", 0)",,,,2023-12-20 20:53:16,2023-12-20 20:53:16,0.703s,PASSED
"tap(findTestObject(""Object Repository/TC7 duplicate email/android.widget.Button (2)""), 0)",,,,2023-12-20 20:53:16,2023-12-20 20:53:17,0.679s,PASSED
closeApplication(),,,,2023-12-20 20:53:17,2023-12-20 20:53:18,1.327s,PASSED
,,,,,,,
Test Cases/login/TC8 success login,,,,2023-12-20 20:53:18,2023-12-20 20:53:52,33.369s,PASSED
"startApplication(""C:\Users\User-PC\Downloads\app-release (2).apk"", true)",,,,2023-12-20 20:53:19,2023-12-20 20:53:42,23.157s,PASSED
"tap(findTestObject(""Object Repository/TC8 Success Login/android.widget.ImageView""), 0)",,,,2023-12-20 20:53:42,2023-12-20 20:53:45,2.576s,PASSED
"tap(findTestObject(""Object Repository/TC8 Success Login/android.widget.Button""), 0)",,,,2023-12-20 20:53:45,2023-12-20 20:53:46,1.154s,PASSED
"tap(findTestObject(""Object Repository/TC8 Success Login/android.widget.EditText""), 0)",,,,2023-12-20 20:53:46,2023-12-20 20:53:47,0.970s,PASSED
"setText(findTestObject(""Object Repository/TC8 Success Login/android.widget.EditText (1)""), ""immanuel@gmail.com"", 0)",,,,2023-12-20 20:53:47,2023-12-20 20:53:48,0.851s,PASSED
"tap(findTestObject(""Object Repository/TC8 Success Login/android.widget.EditText (2)""), 0)",,,,2023-12-20 20:53:48,2023-12-20 20:53:49,0.825s,PASSED
"setText(findTestObject(""Object Repository/TC8 Success Login/android.widget.EditText (3)""), ""@Immanuel1"", 0)",,,,2023-12-20 20:53:49,2023-12-20 20:53:49,0.746s,PASSED
"tap(findTestObject(""Object Repository/TC8 Success Login/android.widget.Button (1)""), 0)",,,,2023-12-20 20:53:49,2023-12-20 20:53:50,0.695s,PASSED
closeApplication(),,,,2023-12-20 20:53:50,2023-12-20 20:53:52,1.726s,PASSED
,,,,,,,
Test Cases/login/TC9 invalid pw login,,,,2023-12-20 20:53:52,2023-12-20 20:54:30,38.000s,PASSED
"startApplication(""C:\Users\User-PC\Downloads\app-release (2).apk"", true)",,,,2023-12-20 20:53:53,2023-12-20 20:54:20,27.951s,PASSED
"tap(findTestObject(""Object Repository/TC9 invalid pw login/android.widget.ImageView""), 0)",,,,2023-12-20 20:54:20,2023-12-20 20:54:23,2.457s,PASSED
"tap(findTestObject(""Object Repository/TC9 invalid pw login/android.widget.Button""), 0)",,,,2023-12-20 20:54:23,2023-12-20 20:54:24,1.201s,PASSED
"tap(findTestObject(""Object Repository/TC9 invalid pw login/android.widget.EditText""), 0)",,,,2023-12-20 20:54:24,2023-12-20 20:54:25,0.996s,PASSED
"setText(findTestObject(""Object Repository/TC9 invalid pw login/android.widget.EditText (1)""), ""immanuel"", 0)",,,,2023-12-20 20:54:25,2023-12-20 20:54:26,0.838s,PASSED
"tap(findTestObject(""Object Repository/TC9 invalid pw login/android.widget.EditText (2)""), 0)",,,,2023-12-20 20:54:26,2023-12-20 20:54:27,0.811s,PASSED
"setText(findTestObject(""Object Repository/TC9 invalid pw login/android.widget.EditText (3)""), ""@immanuel1"", 0)",,,,2023-12-20 20:54:27,2023-12-20 20:54:28,0.779s,PASSED
"tap(findTestObject(""Object Repository/TC9 invalid pw login/android.widget.Button (1)""), 0)",,,,2023-12-20 20:54:28,2023-12-20 20:54:28,0.680s,PASSED
closeApplication(),,,,2023-12-20 20:54:28,2023-12-20 20:54:30,1.621s,PASSED
,,,,,,,
Test Cases/login/TC10 invalid email and password login,,,,2023-12-20 20:54:30,2023-12-20 20:55:07,37.226s,PASSED
"startApplication(""C:\Users\User-PC\Downloads\app-release (2).apk"", true)",,,,2023-12-20 20:54:31,2023-12-20 20:54:58,27.216s,PASSED
"tap(findTestObject(""Object Repository/TC10 invalid email and password login/android.widget.ImageView""), 0)",,,,2023-12-20 20:54:58,2023-12-20 20:55:01,2.706s,PASSED
"tap(findTestObject(""Object Repository/TC10 invalid email and password login/android.widget.Button""), 0)",,,,2023-12-20 20:55:01,2023-12-20 20:55:02,1.177s,PASSED
"tap(findTestObject(""Object Repository/TC10 invalid email and password login/android.widget.EditText""), 0)",,,,2023-12-20 20:55:02,2023-12-20 20:55:03,0.984s,PASSED
"setText(findTestObject(""Object Repository/TC10 invalid email and password login/android.widget.EditText (1)""), ""immmnuel"", 0)",,,,2023-12-20 20:55:03,2023-12-20 20:55:03,0.772s,PASSED
"tap(findTestObject(""Object Repository/TC10 invalid email and password login/android.widget.EditText (2)""), 0)",,,,2023-12-20 20:55:03,2023-12-20 20:55:04,0.735s,PASSED
"setText(findTestObject(""Object Repository/TC10 invalid email and password login/android.widget.EditText (3)""), ""@immanu"", 0)",,,,2023-12-20 20:55:04,2023-12-20 20:55:05,0.741s,PASSED
"tap(findTestObject(""Object Repository/TC10 invalid email and password login/android.widget.Button (1)""), 0)",,,,2023-12-20 20:55:05,2023-12-20 20:55:06,0.687s,PASSED
closeApplication(),,,,2023-12-20 20:55:06,2023-12-20 20:55:07,1.426s,PASSED
,,,,,,,
Test Cases/login/TC11 invalid email login,,,,2023-12-20 20:55:07,2023-12-20 20:55:42,35.191s,PASSED
"startApplication(""C:\Users\User-PC\Downloads\app-release (2).apk"", true)",,,,2023-12-20 20:55:08,2023-12-20 20:55:32,24.542s,PASSED
"tap(findTestObject(""Object Repository/TC11 invalid email login/android.widget.ImageView""), 0)",,,,2023-12-20 20:55:32,2023-12-20 20:55:35,2.238s,PASSED
"tap(findTestObject(""Object Repository/TC11 invalid email login/android.widget.Button""), 0)",,,,2023-12-20 20:55:35,2023-12-20 20:55:36,1.235s,PASSED
"tap(findTestObject(""Object Repository/TC11 invalid email login/android.widget.EditText""), 0)",,,,2023-12-20 20:55:36,2023-12-20 20:55:37,1.011s,PASSED
"setText(findTestObject(""Object Repository/TC11 invalid email login/android.widget.EditText (1)""), ""imma"", 0)",,,,2023-12-20 20:55:37,2023-12-20 20:55:38,0.876s,PASSED
"tap(findTestObject(""Object Repository/TC11 invalid email login/android.widget.EditText (2)""), 0)",,,,2023-12-20 20:55:38,2023-12-20 20:55:39,0.936s,PASSED
"setText(findTestObject(""Object Repository/TC11 invalid email login/android.widget.EditText (3)""), ""@Immanuel1"", 0)",,,,2023-12-20 20:55:39,2023-12-20 20:55:39,0.836s,PASSED
"tap(findTestObject(""Object Repository/TC11 invalid email login/android.widget.Button (1)""), 0)",,,,2023-12-20 20:55:39,2023-12-20 20:55:40,0.708s,PASSED
closeApplication(),,,,2023-12-20 20:55:40,2023-12-20 20:55:42,2.079s,PASSED
,,,,,,,
Test Cases/login/TC12 not email login,,,,2023-12-20 20:55:42,2023-12-20 20:56:16,33.592s,PASSED
"startApplication(""C:\Users\User-PC\Downloads\app-release (2).apk"", true)",,,,2023-12-20 20:55:43,2023-12-20 20:56:08,25.393s,PASSED
"tap(findTestObject(""Object Repository/TC12 not email login/android.widget.ImageView""), 0)",,,,2023-12-20 20:56:08,2023-12-20 20:56:11,2.338s,PASSED
"tap(findTestObject(""Object Repository/TC12 not email login/android.widget.Button""), 0)",,,,2023-12-20 20:56:11,2023-12-20 20:56:12,1.076s,PASSED
"tap(findTestObject(""Object Repository/TC12 not email login/android.widget.EditText""), 0)",,,,2023-12-20 20:56:12,2023-12-20 20:56:13,0.864s,PASSED
"tap(findTestObject(""Object Repository/TC12 not email login/android.widget.EditText (1)""), 0)",,,,2023-12-20 20:56:13,2023-12-20 20:56:13,0.724s,PASSED
"setText(findTestObject(""Object Repository/TC12 not email login/android.widget.EditText (2)""), ""@Immanuel1"", 0)",,,,2023-12-20 20:56:13,2023-12-20 20:56:14,0.750s,PASSED
"tap(findTestObject(""Object Repository/TC12 not email login/android.widget.Button (1)""), 0)",,,,2023-12-20 20:56:14,2023-12-20 20:56:15,0.701s,PASSED
closeApplication(),,,,2023-12-20 20:56:15,2023-12-20 20:56:16,1.116s,PASSED
,,,,,,,
Test Cases/login/TC13 not pw login,,,,2023-12-20 20:56:16,2023-12-20 20:56:46,29.745s,PASSED
"startApplication(""C:\Users\User-PC\Downloads\app-release (2).apk"", true)",,,,2023-12-20 20:56:16,2023-12-20 20:56:37,20.479s,PASSED
"tap(findTestObject(""Object Repository/TC13 not pw login/android.widget.ImageView""), 0)",,,,2023-12-20 20:56:37,2023-12-20 20:56:40,2.960s,PASSED
"tap(findTestObject(""Object Repository/TC13 not pw login/android.widget.Button""), 0)",,,,2023-12-20 20:56:40,2023-12-20 20:56:41,1.171s,PASSED
"tap(findTestObject(""Object Repository/TC13 not pw login/android.widget.EditText""), 0)",,,,2023-12-20 20:56:41,2023-12-20 20:56:42,1.060s,PASSED
"setText(findTestObject(""Object Repository/TC13 not pw login/android.widget.EditText (1)""), ""immanuel"", 0)",,,,2023-12-20 20:56:42,2023-12-20 20:56:43,0.761s,PASSED
"tap(findTestObject(""Object Repository/TC13 not pw login/android.widget.EditText (2)""), 0)",,,,2023-12-20 20:56:43,2023-12-20 20:56:44,0.748s,PASSED
"tap(findTestObject(""Object Repository/TC13 not pw login/android.widget.Button (1)""), 0)",,,,2023-12-20 20:56:44,2023-12-20 20:56:44,0.647s,PASSED
closeApplication(),,,,2023-12-20 20:56:44,2023-12-20 20:56:46,1.388s,PASSED
