Suite/Test/Step Name,Browser,Description,Tag,Start time,End time,Duration,Status
notifikasi,,,,2023-12-21 02:23:42,2023-12-21 02:25:35,1m - 53.111s,FAILED
,,,,,,,
Test Cases/Notifikasi/button arsip,,,,2023-12-21 02:23:42,2023-12-21 02:24:33,50.916s,FAILED
"startApplication(""C:\Users\User-PC\Downloads\app-release (4).apk"", true)",,,,2023-12-21 02:23:43,2023-12-21 02:24:00,17.496s,PASSED
"tap(findTestObject(""Object Repository/notifikasi/butttton arsip/android.widget.ImageView""), 0)",,,,2023-12-21 02:24:00,2023-12-21 02:24:03,2.609s,PASSED
"tap(findTestObject(""Object Repository/notifikasi/butttton arsip/android.view.View""), 0)",,,,2023-12-21 02:24:03,2023-12-21 02:24:33,30.438s,FAILED
,,,,,,,
Test Cases/Notifikasi/button inbox,,,,2023-12-21 02:24:33,2023-12-21 02:25:20,46.686s,FAILED
"startApplication(""C:\Users\User-PC\Downloads\app-release (4).apk"", true)",,,,2023-12-21 02:24:34,2023-12-21 02:24:46,12.480s,PASSED
"tap(findTestObject(""Object Repository/notifikasi/button inbox/android.widget.ImageView""), 0)",,,,2023-12-21 02:24:46,2023-12-21 02:24:50,3.532s,PASSED
"tap(findTestObject(""Object Repository/notifikasi/button inbox/android.view.View""), 0)",,,,2023-12-21 02:24:50,2023-12-21 02:25:20,30.356s,FAILED
,,,,,,,
Test Cases/Notifikasi/search notif,,,,2023-12-21 02:25:20,2023-12-21 02:25:35,15.181s,FAILED
"startApplication(""C:\Users\User-PC\Downloads\app-release (4).apk"", true)",,,,2023-12-21 02:25:20,2023-12-21 02:25:32,11.669s,PASSED
"tap(findTestObject(""Object Repository/notifikasi/search notif/android.widget.ImageView""), 0)",,,,2023-12-21 02:25:32,2023-12-21 02:25:35,2.600s,PASSED
"tap(findTestObject(""""), 0)",,,,2023-12-21 02:25:35,2023-12-21 02:25:35,0.590s,FAILED
