Suite/Test/Step Name,Browser,Description,Tag,Start time,End time,Duration,Status
harsa mobile,,,,2023-12-19 15:48:30,2023-12-19 15:49:35,1m - 5.573s,PASSED
,,,,,,,
Test Cases/TC1 Succesful Login,,,,2023-12-19 15:48:30,2023-12-19 15:49:05,34.901s,PASSED
"startApplication(""C:\Users\User-PC\Downloads\app-release (2).apk"", true)",,,,2023-12-19 15:48:31,2023-12-19 15:48:52,21.865s,PASSED
"tap(findTestObject(""Object Repository/TC1 Successful Register/android.widget.ImageView""), 0)",,,,2023-12-19 15:48:52,2023-12-19 15:48:54,2.064s,PASSED
"tap(findTestObject(""Object Repository/TC1 Successful Register/android.widget.Button""), 0)",,,,2023-12-19 15:48:54,2023-12-19 15:48:55,0.927s,PASSED
"tap(findTestObject(""Object Repository/TC1 Successful Register/android.widget.Button (1)""), 0)",,,,2023-12-19 15:48:55,2023-12-19 15:48:56,0.815s,PASSED
"tap(findTestObject(""Object Repository/TC1 Successful Register/android.widget.EditText""), 0)",,,,2023-12-19 15:48:56,2023-12-19 15:48:57,0.863s,PASSED
"setText(findTestObject(""Object Repository/TC1 Successful Register/android.widget.EditText (1)""), ""immanuel"", 0)",,,,2023-12-19 15:48:57,2023-12-19 15:48:58,1.358s,PASSED
"tap(findTestObject(""Object Repository/TC1 Successful Register/android.widget.EditText (2)""), 0)",,,,2023-12-19 15:48:58,2023-12-19 15:48:59,0.817s,PASSED
"setText(findTestObject(""Object Repository/TC1 Successful Register/android.widget.EditText (3)""), ""immanuel@gmail.com"", 0)",,,,2023-12-19 15:48:59,2023-12-19 15:49:00,0.775s,PASSED
"tap(findTestObject(""Object Repository/TC1 Successful Register/android.widget.EditText (4)""), 0)",,,,2023-12-19 15:49:00,2023-12-19 15:49:01,0.748s,PASSED
"setText(findTestObject(""Object Repository/TC1 Successful Register/android.widget.EditText (5)""), ""@Immanuel1"", 0)",,,,2023-12-19 15:49:01,2023-12-19 15:49:01,0.728s,PASSED
"tap(findTestObject(""Object Repository/TC1 Successful Register/android.widget.EditText (6)""), 0)",,,,2023-12-19 15:49:01,2023-12-19 15:49:02,0.804s,PASSED
"setText(findTestObject(""Object Repository/TC1 Successful Register/android.widget.EditText (7)""), ""@Immanuel1"", 0)",,,,2023-12-19 15:49:02,2023-12-19 15:49:03,0.872s,PASSED
"tap(findTestObject(""TC1 Successful Register/android.widget.Button (2)""), 0)",,,,2023-12-19 15:49:03,2023-12-19 15:49:04,0.808s,PASSED
closeApplication(),,,,2023-12-19 15:49:04,2023-12-19 15:49:05,1.095s,PASSED
,,,,,,,
Test Cases/TC2 Invalid email and password,,,,2023-12-19 15:49:05,2023-12-19 15:49:35,30.283s,PASSED
"startApplication(""C:\Users\User-PC\Downloads\app-release (2).apk"", true)",,,,2023-12-19 15:49:05,2023-12-19 15:49:22,16.957s,PASSED
"tap(findTestObject(""Object Repository/TC2 Failed invalid email and password/android.widget.ImageView""), 0)",,,,2023-12-19 15:49:22,2023-12-19 15:49:25,2.832s,PASSED
"tap(findTestObject(""Object Repository/TC2 Failed invalid email and password/android.widget.Button""), 0)",,,,2023-12-19 15:49:25,2023-12-19 15:49:26,0.912s,PASSED
"tap(findTestObject(""Object Repository/TC2 Failed invalid email and password/android.widget.Button (1)""), 0)",,,,2023-12-19 15:49:26,2023-12-19 15:49:27,0.820s,PASSED
"tap(findTestObject(""Object Repository/TC2 Failed invalid email and password/android.widget.EditText""), 0)",,,,2023-12-19 15:49:27,2023-12-19 15:49:28,0.963s,PASSED
"setText(findTestObject(""Object Repository/TC2 Failed invalid email and password/android.widget.EditText (1)""), ""RIA"", 0)",,,,2023-12-19 15:49:28,2023-12-19 15:49:29,0.818s,PASSED
"tap(findTestObject(""Object Repository/TC2 Failed invalid email and password/android.widget.EditText (2)""), 0)",,,,2023-12-19 15:49:29,2023-12-19 15:49:30,0.813s,PASSED
"setText(findTestObject(""Object Repository/TC2 Failed invalid email and password/android.widget.EditText (3)""), ""RIA.com"", 0)",,,,2023-12-19 15:49:30,2023-12-19 15:49:30,0.804s,PASSED
"tap(findTestObject(""Object Repository/TC2 Failed invalid email and password/android.widget.EditText (4)""), 0)",,,,2023-12-19 15:49:30,2023-12-19 15:49:31,0.772s,PASSED
"setText(findTestObject(""Object Repository/TC2 Failed invalid email and password/android.widget.EditText (5)""), ""@ria"", 0)",,,,2023-12-19 15:49:31,2023-12-19 15:49:32,0.810s,PASSED
"tap(findTestObject(""Object Repository/TC2 Failed invalid email and password/android.widget.EditText (6)""), 0)",,,,2023-12-19 15:49:32,2023-12-19 15:49:33,0.764s,PASSED
"setText(findTestObject(""Object Repository/TC2 Failed invalid email and password/android.widget.EditText (7)""), ""@ria"", 0)",,,,2023-12-19 15:49:33,2023-12-19 15:49:34,0.763s,PASSED
"tap(findTestObject(""Object Repository/TC2 Failed invalid email and password/android.widget.Button (2)""), 0)",,,,2023-12-19 15:49:34,2023-12-19 15:49:34,0.763s,PASSED
closeApplication(),,,,2023-12-19 15:49:34,2023-12-19 15:49:35,1.075s,PASSED
