Suite/Test/Step Name,Browser,Description,Tag,Start time,End time,Duration,Status
harsa mobile,,,,2023-12-19 00:16:23,2023-12-19 00:16:53,29.906s,PASSED
,,,,,,,
Test Cases/TC2 Invalid email and password,,,,2023-12-19 00:16:24,2023-12-19 00:16:53,29.592s,PASSED
"startApplication(""C:\Users\User-PC\Downloads\app-release (2).apk"", true)",,,,2023-12-19 00:16:24,2023-12-19 00:16:42,17.907s,PASSED
"tap(findTestObject(""Object Repository/TC2 Failed invalid email and password/android.widget.ImageView""), 0)",,,,2023-12-19 00:16:42,2023-12-19 00:16:44,2.192s,PASSED
"tap(findTestObject(""Object Repository/TC2 Failed invalid email and password/android.widget.Button""), 0)",,,,2023-12-19 00:16:44,2023-12-19 00:16:45,0.861s,PASSED
"tap(findTestObject(""Object Repository/TC2 Failed invalid email and password/android.widget.Button (1)""), 0)",,,,2023-12-19 00:16:45,2023-12-19 00:16:46,0.801s,PASSED
"tap(findTestObject(""Object Repository/TC2 Failed invalid email and password/android.widget.EditText""), 0)",,,,2023-12-19 00:16:46,2023-12-19 00:16:47,0.753s,PASSED
"setText(findTestObject(""Object Repository/TC2 Failed invalid email and password/android.widget.EditText (1)""), ""RIA"", 0)",,,,2023-12-19 00:16:47,2023-12-19 00:16:47,0.712s,PASSED
"tap(findTestObject(""Object Repository/TC2 Failed invalid email and password/android.widget.EditText (2)""), 0)",,,,2023-12-19 00:16:47,2023-12-19 00:16:48,0.689s,PASSED
"setText(findTestObject(""Object Repository/TC2 Failed invalid email and password/android.widget.EditText (3)""), ""RIA.com"", 0)",,,,2023-12-19 00:16:48,2023-12-19 00:16:49,0.766s,PASSED
"tap(findTestObject(""Object Repository/TC2 Failed invalid email and password/android.widget.EditText (4)""), 0)",,,,2023-12-19 00:16:49,2023-12-19 00:16:49,0.681s,PASSED
"setText(findTestObject(""Object Repository/TC2 Failed invalid email and password/android.widget.EditText (5)""), ""@ria"", 0)",,,,2023-12-19 00:16:49,2023-12-19 00:16:50,0.722s,PASSED
"tap(findTestObject(""Object Repository/TC2 Failed invalid email and password/android.widget.EditText (6)""), 0)",,,,2023-12-19 00:16:50,2023-12-19 00:16:51,0.699s,PASSED
"setText(findTestObject(""Object Repository/TC2 Failed invalid email and password/android.widget.EditText (7)""), ""@ria"", 0)",,,,2023-12-19 00:16:51,2023-12-19 00:16:51,0.699s,PASSED
"tap(findTestObject(""Object Repository/TC2 Failed invalid email and password/android.widget.Button (2)""), 0)",,,,2023-12-19 00:16:51,2023-12-19 00:16:52,0.691s,PASSED
closeApplication(),,,,2023-12-19 00:16:52,2023-12-19 00:16:53,1.029s,PASSED
