Suite/Test/Step Name,Browser,Description,Tag,Start time,End time,Duration,Status
harsa mobile,,,,2023-12-19 15:59:42,2023-12-19 16:01:18,1m - 35.964s,PASSED
,,,,,,,
Test Cases/TC1 Succesful register,,,,2023-12-19 15:59:43,2023-12-19 16:00:16,32.896s,PASSED
"startApplication(""C:\Users\User-PC\Downloads\app-release (2).apk"", true)",,,,2023-12-19 15:59:43,2023-12-19 16:00:04,20.420s,PASSED
"tap(findTestObject(""Object Repository/TC1 Successful Register/android.widget.ImageView""), 0)",,,,2023-12-19 16:00:04,2023-12-19 16:00:06,1.960s,PASSED
"tap(findTestObject(""Object Repository/TC1 Successful Register/android.widget.Button""), 0)",,,,2023-12-19 16:00:06,2023-12-19 16:00:07,0.924s,PASSED
"tap(findTestObject(""Object Repository/TC1 Successful Register/android.widget.Button (1)""), 0)",,,,2023-12-19 16:00:07,2023-12-19 16:00:07,0.787s,PASSED
"tap(findTestObject(""Object Repository/TC1 Successful Register/android.widget.EditText""), 0)",,,,2023-12-19 16:00:07,2023-12-19 16:00:08,0.829s,PASSED
"setText(findTestObject(""Object Repository/TC1 Successful Register/android.widget.EditText (1)""), ""immanuel"", 0)",,,,2023-12-19 16:00:08,2023-12-19 16:00:09,0.797s,PASSED
"tap(findTestObject(""Object Repository/TC1 Successful Register/android.widget.EditText (2)""), 0)",,,,2023-12-19 16:00:09,2023-12-19 16:00:10,0.800s,PASSED
"setText(findTestObject(""Object Repository/TC1 Successful Register/android.widget.EditText (3)""), ""immanuel@gmail.com"", 0)",,,,2023-12-19 16:00:10,2023-12-19 16:00:11,0.790s,PASSED
"tap(findTestObject(""Object Repository/TC1 Successful Register/android.widget.EditText (4)""), 0)",,,,2023-12-19 16:00:11,2023-12-19 16:00:11,0.804s,PASSED
"setText(findTestObject(""Object Repository/TC1 Successful Register/android.widget.EditText (5)""), ""@Immanuel1"", 0)",,,,2023-12-19 16:00:11,2023-12-19 16:00:12,0.767s,PASSED
"tap(findTestObject(""Object Repository/TC1 Successful Register/android.widget.EditText (6)""), 0)",,,,2023-12-19 16:00:12,2023-12-19 16:00:13,0.725s,PASSED
"setText(findTestObject(""Object Repository/TC1 Successful Register/android.widget.EditText (7)""), ""@Immanuel1"", 0)",,,,2023-12-19 16:00:13,2023-12-19 16:00:14,0.739s,PASSED
"tap(findTestObject(""TC1 Successful Register/android.widget.Button (2)""), 0)",,,,2023-12-19 16:00:14,2023-12-19 16:00:14,0.730s,PASSED
closeApplication(),,,,2023-12-19 16:00:14,2023-12-19 16:00:16,1.371s,PASSED
,,,,,,,
Test Cases/TC2 Invalid email and password,,,,2023-12-19 16:00:16,2023-12-19 16:00:46,30.547s,PASSED
"startApplication(""C:\Users\User-PC\Downloads\app-release (2).apk"", true)",,,,2023-12-19 16:00:16,2023-12-19 16:00:34,17.473s,PASSED
"tap(findTestObject(""Object Repository/TC2 Failed invalid email and password/android.widget.ImageView""), 0)",,,,2023-12-19 16:00:34,2023-12-19 16:00:37,2.872s,PASSED
"tap(findTestObject(""Object Repository/TC2 Failed invalid email and password/android.widget.Button""), 0)",,,,2023-12-19 16:00:37,2023-12-19 16:00:37,0.898s,PASSED
"tap(findTestObject(""Object Repository/TC2 Failed invalid email and password/android.widget.Button (1)""), 0)",,,,2023-12-19 16:00:37,2023-12-19 16:00:38,0.846s,PASSED
"tap(findTestObject(""Object Repository/TC2 Failed invalid email and password/android.widget.EditText""), 0)",,,,2023-12-19 16:00:38,2023-12-19 16:00:39,0.905s,PASSED
"setText(findTestObject(""Object Repository/TC2 Failed invalid email and password/android.widget.EditText (1)""), ""RIA"", 0)",,,,2023-12-19 16:00:39,2023-12-19 16:00:40,0.883s,PASSED
"tap(findTestObject(""Object Repository/TC2 Failed invalid email and password/android.widget.EditText (2)""), 0)",,,,2023-12-19 16:00:40,2023-12-19 16:00:41,0.802s,PASSED
"setText(findTestObject(""Object Repository/TC2 Failed invalid email and password/android.widget.EditText (3)""), ""RIA.com"", 0)",,,,2023-12-19 16:00:41,2023-12-19 16:00:42,0.820s,PASSED
"tap(findTestObject(""Object Repository/TC2 Failed invalid email and password/android.widget.EditText (4)""), 0)",,,,2023-12-19 16:00:42,2023-12-19 16:00:42,0.677s,PASSED
"setText(findTestObject(""Object Repository/TC2 Failed invalid email and password/android.widget.EditText (5)""), ""@ria"", 0)",,,,2023-12-19 16:00:42,2023-12-19 16:00:43,0.719s,PASSED
"tap(findTestObject(""Object Repository/TC2 Failed invalid email and password/android.widget.EditText (6)""), 0)",,,,2023-12-19 16:00:43,2023-12-19 16:00:44,0.759s,PASSED
"setText(findTestObject(""Object Repository/TC2 Failed invalid email and password/android.widget.EditText (7)""), ""@ria"", 0)",,,,2023-12-19 16:00:44,2023-12-19 16:00:45,0.749s,PASSED
"tap(findTestObject(""Object Repository/TC2 Failed invalid email and password/android.widget.Button (2)""), 0)",,,,2023-12-19 16:00:45,2023-12-19 16:00:45,0.700s,PASSED
closeApplication(),,,,2023-12-19 16:00:45,2023-12-19 16:00:46,1.036s,PASSED
,,,,,,,
Test Cases/TC3 Invalid email Register,,,,2023-12-19 16:00:46,2023-12-19 16:01:18,31.990s,PASSED
"startApplication(""C:\Users\User-PC\Downloads\app-release (2).apk"", true)",,,,2023-12-19 16:00:47,2023-12-19 16:01:05,18.717s,PASSED
"tap(findTestObject(""Object Repository/TC invalid email register/android.widget.ImageView""), 0)",,,,2023-12-19 16:01:05,2023-12-19 16:01:08,2.957s,PASSED
"tap(findTestObject(""Object Repository/TC invalid email register/android.widget.Button""), 0)",,,,2023-12-19 16:01:08,2023-12-19 16:01:09,0.901s,PASSED
"tap(findTestObject(""Object Repository/TC invalid email register/android.widget.Button (1)""), 0)",,,,2023-12-19 16:01:09,2023-12-19 16:01:10,0.883s,PASSED
"tap(findTestObject(""Object Repository/TC invalid email register/android.widget.EditText""), 0)",,,,2023-12-19 16:01:10,2023-12-19 16:01:11,0.894s,PASSED
"setText(findTestObject(""Object Repository/TC invalid email register/android.widget.EditText (1)""), ""lasriaaa"", 0)",,,,2023-12-19 16:01:11,2023-12-19 16:01:12,0.849s,PASSED
"tap(findTestObject(""Object Repository/TC invalid email register/android.widget.EditText (2)""), 0)",,,,2023-12-19 16:01:12,2023-12-19 16:01:13,0.843s,PASSED
"setText(findTestObject(""Object Repository/TC invalid email register/android.widget.EditText (3)""), ""lasria"", 0)",,,,2023-12-19 16:01:13,2023-12-19 16:01:14,0.849s,PASSED
"tap(findTestObject(""Object Repository/TC invalid email register/android.widget.EditText (4)""), 0)",,,,2023-12-19 16:01:14,2023-12-19 16:01:14,0.796s,PASSED
"setText(findTestObject(""Object Repository/TC invalid email register/android.widget.EditText (5)""), ""@Lasria01"", 0)",,,,2023-12-19 16:01:14,2023-12-19 16:01:15,0.749s,PASSED
"tap(findTestObject(""Object Repository/TC invalid email register/android.widget.EditText (6)""), 0)",,,,2023-12-19 16:01:15,2023-12-19 16:01:16,0.741s,PASSED
"setText(findTestObject(""Object Repository/TC invalid email register/android.widget.EditText (7)""), ""@Lasria01"", 0)",,,,2023-12-19 16:01:16,2023-12-19 16:01:17,0.746s,PASSED
"tap(findTestObject(""Object Repository/TC invalid email register/android.widget.Button (2)""), 0)",,,,2023-12-19 16:01:17,2023-12-19 16:01:17,0.699s,PASSED
closeApplication(),,,,2023-12-19 16:01:17,2023-12-19 16:01:18,0.985s,PASSED
